Order_ID,Order_Date,Customer_ID,Region,Customer_Segment,Category,Product,Quantity,Unit_Price,Discount,Revenue,Cost,Profit
498,2025-01-01,CUST-181,Leeds,Consumer,Fitness,Yoga Mat,2,32.79,0.0,65.59,37.67,27.92
164,2025-01-01,CUST-057,Sheffield,Consumer,Office,Notebook,1,70.58,0.0,70.58,44.42,26.16
70,2025-01-01,CUST-133,London,Consumer,Home,Coffee Maker,2,71.08,0.0,142.15,73.85,68.3
998,2025-01-02,CUST-195,Manchester,Consumer,Office,Office Chair,1,68.88,0.0,68.88,38.79,30.09
665,2025-01-02,CUST-127,Leeds,Corporate,Office,Notebook,3,71.48,0.0,214.44,151.91,62.53
670,2025-01-02,CUST-041,Birmingham,Small Business,Accessories,Wallet,3,40.54,0.05,115.53,63.52,52.01
698,2025-01-02,CUST-103,Bristol,Small Business,Electronics,Wireless Headphones,2,94.56,0.05,179.67,90.4,89.27
634,2025-01-03,CUST-086,Manchester,Consumer,Accessories,Backpack,2,46.65,0.0,93.29,53.0,40.29
154,2025-01-03,CUST-127,London,Consumer,Office,Desk Organiser,4,69.6,0.05,264.49,177.86,86.64
371,2025-01-03,CUST-166,Manchester,Consumer,Fitness,Water Bottle,5,50.32,0.0,251.58,141.34,110.23
636,2025-01-04,CUST-152,Birmingham,Consumer,Accessories,USB Hub,3,62.7,0.05,178.71,94.83,83.88
226,2025-01-04,CUST-014,Birmingham,Consumer,Electronics,Monitor,5,140.14,0.0,700.72,441.04,259.68
600,2025-01-05,CUST-074,Leeds,Corporate,Fitness,Yoga Mat,4,58.96,0.1,212.24,113.62,98.62
660,2025-01-06,CUST-125,Manchester,Corporate,Accessories,Wallet,4,35.63,0.0,142.53,81.57,60.96
432,2025-01-06,CUST-147,Sheffield,Consumer,Office,Desk Organiser,3,55.42,0.05,157.96,99.74,58.22
732,2025-01-06,CUST-127,Bristol,Corporate,Accessories,Phone Stand,5,33.66,0.05,159.88,101.28,58.6
675,2025-01-08,CUST-044,Manchester,Corporate,Home,Coffee Maker,2,72.94,0.05,138.58,76.51,62.07
102,2025-01-08,CUST-065,London,Consumer,Fitness,Fitness Tracker,4,51.32,0.1,184.76,127.62,57.14
288,2025-01-08,CUST-028,Bristol,Consumer,Fitness,Fitness Tracker,2,45.9,0.0,91.8,60.66,31.14
606,2025-01-10,CUST-140,Sheffield,Small Business,Electronics,Webcam,5,116.24,0.0,581.19,321.57,259.62
209,2025-01-10,CUST-058,Leeds,Corporate,Office,Printer,1,78.37,0.0,78.37,43.57,34.79
222,2025-01-10,CUST-149,Sheffield,Corporate,Office,Office Chair,3,67.4,0.0,202.2,136.69,65.51
616,2025-01-10,CUST-102,Birmingham,Small Business,Electronics,Keyboard,2,104.62,0.0,209.24,107.04,102.21
822,2025-01-11,CUST-064,London,Consumer,Electronics,Webcam,4,140.57,0.0,562.29,354.23,208.06
112,2025-01-11,CUST-164,London,Corporate,Accessories,USB Hub,2,54.26,0.0,108.52,74.24,34.27
91,2025-01-11,CUST-074,Sheffield,Consumer,Electronics,Keyboard,3,128.93,0.0,386.79,222.81,163.98
105,2025-01-11,CUST-130,Birmingham,Corporate,Accessories,USB Hub,5,31.47,0.1,141.64,96.29,45.35
691,2025-01-12,CUST-077,London,Consumer,Electronics,Wireless Headphones,5,130.11,0.0,650.57,384.35,266.22
317,2025-01-12,CUST-016,Birmingham,Corporate,Electronics,Wireless Headphones,5,146.87,0.0,734.36,470.88,263.48
223,2025-01-12,CUST-014,London,Small Business,Accessories,Backpack,5,58.28,0.1,262.24,179.58,82.66
582,2025-01-12,CUST-180,Birmingham,Corporate,Fitness,Yoga Mat,5,62.15,0.1,279.7,147.19,132.5
200,2025-01-12,CUST-032,Leeds,Consumer,Electronics,Webcam,1,132.05,0.0,132.05,68.35,63.7
139,2025-01-12,CUST-150,London,Corporate,Accessories,Backpack,4,49.2,0.1,177.12,95.05,82.08
837,2025-01-13,CUST-043,Leeds,Consumer,Accessories,Backpack,5,43.94,0.0,219.7,121.53,98.16
350,2025-01-13,CUST-064,Sheffield,Corporate,Electronics,Monitor,1,127.84,0.0,127.84,77.49,50.36
572,2025-01-14,CUST-177,Bristol,Consumer,Electronics,Webcam,5,102.57,0.05,487.19,265.17,222.02
703,2025-01-15,CUST-036,London,Corporate,Office,Desk Organiser,4,69.58,0.0,278.34,177.32,101.01
988,2025-01-15,CUST-164,Bristol,Consumer,Office,Notebook,5,44.77,0.0,223.85,157.61,66.23
876,2025-01-16,CUST-149,Bristol,Consumer,Fitness,Resistance Bands,2,74.71,0.05,141.95,76.78,65.17
500,2025-01-16,CUST-099,Birmingham,Consumer,Accessories,USB Hub,1,42.88,0.0,42.88,24.24,18.65
635,2025-01-17,CUST-052,Sheffield,Corporate,Electronics,Monitor,1,137.59,0.0,137.59,77.57,60.03
857,2025-01-17,CUST-075,Sheffield,Consumer,Electronics,Webcam,1,120.64,0.1,108.57,62.64,45.93
381,2025-01-17,CUST-071,Bristol,Consumer,Electronics,Wireless Headphones,1,136.37,0.0,136.37,97.6,38.77
584,2025-01-17,CUST-154,Bristol,Corporate,Office,Notebook,1,60.68,0.05,57.64,31.31,26.33
458,2025-01-18,CUST-113,Birmingham,Small Business,Electronics,Keyboard,4,126.52,0.0,506.09,304.22,201.87
980,2025-01-18,CUST-038,Birmingham,Consumer,Fitness,Resistance Bands,4,76.75,0.1,276.29,163.91,112.38
183,2025-01-19,CUST-100,Leeds,Corporate,Electronics,Wireless Headphones,1,93.13,0.1,83.82,46.98,36.84
795,2025-01-20,CUST-048,London,Corporate,Office,Notebook,5,77.54,0.0,387.71,194.95,192.76
448,2025-01-20,CUST-134,Sheffield,Corporate,Accessories,Wallet,1,48.53,0.05,46.11,32.56,13.55
966,2025-01-20,CUST-050,Leeds,Consumer,Office,Notebook,2,57.67,0.0,115.35,70.63,44.72
55,2025-01-20,CUST-185,Manchester,Consumer,Fitness,Yoga Mat,2,57.22,0.0,114.44,71.16,43.27
880,2025-01-20,CUST-070,London,Corporate,Home,Coffee Maker,1,69.55,0.1,62.59,41.93,20.67
286,2025-01-21,CUST-044,Birmingham,Corporate,Home,Storage Box,3,80.36,0.0,241.09,147.46,93.63
372,2025-01-21,CUST-199,Birmingham,Small Business,Electronics,Monitor,5,119.34,0.0,596.7,322.72,273.98
865,2025-01-21,CUST-021,Leeds,Corporate,Fitness,Fitness Tracker,3,40.58,0.0,121.74,67.68,54.06
557,2025-01-22,CUST-126,Bristol,Corporate,Fitness,Water Bottle,3,48.29,0.0,144.88,84.02,60.86
901,2025-01-22,CUST-112,Bristol,Small Business,Office,Desk Organiser,5,59.14,0.0,295.71,159.4,136.31
730,2025-01-22,CUST-003,Bristol,Small Business,Accessories,Phone Stand,1,43.84,0.1,39.46,23.83,15.62
26,2025-01-22,CUST-158,Sheffield,Small Business,Accessories,Phone Stand,3,48.84,0.05,139.19,87.0,52.19
373,2025-01-23,CUST-153,Bristol,Corporate,Fitness,Water Bottle,4,45.02,0.0,180.09,110.45,69.64
301,2025-01-23,CUST-032,Sheffield,Consumer,Electronics,Monitor,3,149.39,0.0,448.17,311.7,136.47
842,2025-01-23,CUST-048,Bristol,Corporate,Fitness,Water Bottle,3,68.41,0.0,205.22,138.49,66.73
544,2025-01-24,CUST-116,Manchester,Consumer,Office,Desk Organiser,5,43.43,0.1,195.42,103.81,91.6
199,2025-01-25,CUST-141,Bristol,Consumer,Home,Desk Lamp,1,93.77,0.0,93.77,57.25,36.52
361,2025-01-25,CUST-028,London,Consumer,Fitness,Fitness Tracker,5,52.87,0.05,251.14,164.31,86.83
460,2025-01-25,CUST-078,Birmingham,Corporate,Electronics,Webcam,2,97.78,0.0,195.57,132.42,63.15
524,2025-01-25,CUST-058,Manchester,Consumer,Office,Office Chair,4,82.82,0.05,314.71,192.92,121.79
659,2025-01-25,CUST-073,Bristol,Corporate,Accessories,Phone Stand,2,40.3,0.0,80.6,42.6,38.0
170,2025-01-26,CUST-136,London,Consumer,Office,Printer,2,57.39,0.0,114.77,63.55,51.22
761,2025-01-26,CUST-071,London,Consumer,Office,Desk Organiser,5,60.32,0.0,301.61,172.44,129.17
836,2025-01-26,CUST-092,Bristol,Corporate,Fitness,Yoga Mat,4,50.16,0.0,200.65,132.86,67.79
919,2025-01-26,CUST-139,Manchester,Corporate,Office,Printer,2,47.81,0.0,95.63,56.57,39.06
781,2025-01-26,CUST-115,London,Consumer,Office,Desk Organiser,2,72.92,0.1,131.26,81.86,49.41
141,2025-01-26,CUST-174,Manchester,Small Business,Accessories,Backpack,4,43.94,0.1,158.18,102.87,55.31
937,2025-01-26,CUST-015,Birmingham,Consumer,Home,Coffee Maker,2,66.12,0.0,132.25,93.53,38.71
612,2025-01-27,CUST-196,Sheffield,Consumer,Office,Printer,4,79.88,0.0,319.52,197.45,122.07
903,2025-01-28,CUST-072,Sheffield,Consumer,Home,Air Purifier,2,78.15,0.1,140.66,76.79,63.87
320,2025-01-28,CUST-022,London,Consumer,Office,Desk Organiser,4,55.68,0.05,211.57,150.59,60.97
952,2025-01-28,CUST-018,Manchester,Consumer,Office,Office Chair,3,86.22,0.15,219.87,139.89,79.97
935,2025-01-29,CUST-105,Leeds,Corporate,Home,Coffee Maker,2,63.13,0.0,126.27,72.48,53.79
277,2025-01-30,CUST-188,Leeds,Corporate,Accessories,Phone Stand,2,39.02,0.05,74.13,51.12,23.01
682,2025-01-30,CUST-008,Manchester,Consumer,Home,Desk Lamp,2,92.71,0.0,185.42,99.75,85.66
759,2025-01-31,CUST-130,London,Consumer,Office,Office Chair,1,69.59,0.05,66.11,36.44,29.67
593,2025-02-01,CUST-026,London,Consumer,Electronics,Webcam,4,104.55,0.05,397.31,265.85,131.46
503,2025-02-02,CUST-012,Sheffield,Corporate,Electronics,Keyboard,3,176.88,0.1,477.59,309.43,168.16
666,2025-02-04,CUST-112,Sheffield,Consumer,Office,Notebook,4,60.88,0.05,231.33,139.54,91.79
541,2025-02-04,CUST-123,Birmingham,Consumer,Office,Printer,1,65.4,0.0,65.4,42.01,23.39
536,2025-02-04,CUST-183,Sheffield,Consumer,Electronics,Webcam,1,88.44,0.0,88.44,58.84,29.6
538,2025-02-05,CUST-153,Sheffield,Corporate,Home,Storage Box,5,76.49,0.1,344.2,231.55,112.65
479,2025-02-05,CUST-173,Leeds,Corporate,Fitness,Resistance Bands,5,38.48,0.1,173.16,102.07,71.09
882,2025-02-06,CUST-071,London,Consumer,Fitness,Yoga Mat,2,56.16,0.1,101.1,51.18,49.91
786,2025-02-06,CUST-132,Bristol,Small Business,Home,Coffee Maker,1,77.54,0.0,77.54,41.42,36.13
713,2025-02-06,CUST-026,London,Corporate,Electronics,Monitor,5,153.99,0.0,769.93,390.83,379.09
256,2025-02-07,CUST-142,Leeds,Consumer,Accessories,Wallet,3,46.45,0.0,139.36,83.39,55.98
927,2025-02-07,CUST-131,Sheffield,Corporate,Electronics,Webcam,1,93.49,0.0,93.49,48.37,45.12
477,2025-02-08,CUST-060,Manchester,Consumer,Home,Air Purifier,4,76.07,0.1,273.84,187.64,86.19
123,2025-02-08,CUST-046,Leeds,Consumer,Office,Notebook,3,65.96,0.1,178.1,120.35,57.75
74,2025-02-08,CUST-185,London,Consumer,Home,Coffee Maker,1,61.66,0.05,58.58,31.64,26.94
648,2025-02-08,CUST-004,Sheffield,Consumer,Accessories,USB Hub,5,40.0,0.1,180.02,96.76,83.25
624,2025-02-08,CUST-036,Bristol,Consumer,Office,Notebook,5,71.53,0.15,304.01,167.84,136.17
39,2025-02-08,CUST-100,London,Consumer,Fitness,Yoga Mat,3,52.65,0.0,157.95,96.06,61.89
592,2025-02-08,CUST-033,Birmingham,Corporate,Electronics,Monitor,5,113.08,0.05,537.14,341.15,195.99
640,2025-02-09,CUST-118,Bristol,Consumer,Fitness,Fitness Tracker,5,63.92,0.1,287.62,153.7,133.92
755,2025-02-09,CUST-019,Birmingham,Consumer,Fitness,Resistance Bands,2,61.5,0.05,116.85,77.7,39.16
78,2025-02-09,CUST-036,Sheffield,Consumer,Home,Air Purifier,1,76.72,0.0,76.72,47.21,29.51
683,2025-02-09,CUST-026,Birmingham,Consumer,Electronics,Monitor,1,93.52,0.0,93.52,60.95,32.57
309,2025-02-10,CUST-099,Manchester,Corporate,Accessories,Phone Stand,5,43.87,0.15,186.45,113.75,72.7
728,2025-02-10,CUST-048,Bristol,Corporate,Fitness,Fitness Tracker,2,43.8,0.05,83.23,49.21,34.01
8,2025-02-10,CUST-157,Bristol,Consumer,Fitness,Resistance Bands,2,56.7,0.15,96.38,61.06,35.32
269,2025-02-10,CUST-039,Bristol,Corporate,Office,Desk Organiser,1,54.63,0.0,54.63,33.41,21.22
186,2025-02-11,CUST-118,Bristol,Corporate,Office,Notebook,3,83.99,0.05,239.38,155.28,84.1
475,2025-02-11,CUST-047,Bristol,Corporate,Home,Desk Lamp,2,84.23,0.0,168.46,108.73,59.73
780,2025-02-11,CUST-156,Bristol,Corporate,Home,Air Purifier,5,84.78,0.05,402.69,236.86,165.83
976,2025-02-11,CUST-139,Birmingham,Corporate,Home,Storage Box,2,92.89,0.05,176.48,103.31,73.17
211,2025-02-12,CUST-129,Bristol,Small Business,Electronics,Keyboard,4,163.49,0.0,653.96,339.18,314.78
513,2025-02-12,CUST-078,Leeds,Consumer,Accessories,USB Hub,1,53.96,0.0,53.96,37.99,15.96
482,2025-02-13,CUST-098,Bristol,Consumer,Electronics,Monitor,4,111.89,0.1,402.81,242.23,160.58
313,2025-02-13,CUST-047,Bristol,Corporate,Electronics,Wireless Headphones,3,108.25,0.0,324.74,199.23,125.52
14,2025-02-13,CUST-084,Sheffield,Small Business,Home,Air Purifier,5,77.57,0.1,349.06,236.25,112.81
135,2025-02-14,CUST-058,London,Consumer,Accessories,Phone Stand,2,47.57,0.0,95.15,66.03,29.12
633,2025-02-14,CUST-058,Birmingham,Consumer,Accessories,USB Hub,3,38.69,0.05,110.26,56.69,53.58
562,2025-02-14,CUST-097,Manchester,Consumer,Electronics,Keyboard,2,133.26,0.0,266.52,155.39,111.13
752,2025-02-15,CUST-056,Sheffield,Corporate,Electronics,Keyboard,2,112.67,0.0,225.33,128.55,96.79
854,2025-02-15,CUST-170,London,Consumer,Accessories,Phone Stand,2,54.63,0.1,98.34,49.85,48.49
28,2025-02-15,CUST-117,Sheffield,Consumer,Accessories,Backpack,1,38.14,0.15,32.42,19.56,12.86
230,2025-02-16,CUST-143,Sheffield,Small Business,Accessories,USB Hub,1,43.9,0.05,41.71,25.41,16.3
354,2025-02-16,CUST-167,Leeds,Small Business,Home,Air Purifier,1,54.55,0.05,51.82,29.7,22.12
365,2025-02-16,CUST-063,London,Consumer,Home,Desk Lamp,4,82.93,0.1,298.53,152.55,145.98
35,2025-02-16,CUST-099,Leeds,Consumer,Home,Coffee Maker,4,65.14,0.0,260.56,160.74,99.82
118,2025-02-16,CUST-032,Manchester,Corporate,Fitness,Yoga Mat,3,56.18,0.15,143.27,101.39,41.88
545,2025-02-16,CUST-105,Manchester,Corporate,Home,Air Purifier,3,89.38,0.0,268.14,148.75,119.39
950,2025-02-17,CUST-032,Birmingham,Consumer,Home,Coffee Maker,2,93.32,0.1,167.98,87.8,80.18
385,2025-02-17,CUST-194,Sheffield,Consumer,Office,Office Chair,3,64.57,0.05,184.02,92.64,91.38
543,2025-02-17,CUST-003,Leeds,Small Business,Fitness,Resistance Bands,2,69.47,0.0,138.93,84.05,54.88
700,2025-02-17,CUST-153,London,Small Business,Office,Printer,1,27.91,0.0,27.91,19.31,8.6
386,2025-02-18,CUST-173,Manchester,Consumer,Fitness,Yoga Mat,4,53.04,0.1,190.93,118.38,72.55
347,2025-02-18,CUST-076,Bristol,Small Business,Electronics,Wireless Headphones,5,133.86,0.0,669.32,352.16,317.15
853,2025-02-18,CUST-076,Leeds,Small Business,Home,Storage Box,2,81.94,0.0,163.88,95.41,68.47
772,2025-02-20,CUST-176,Sheffield,Consumer,Accessories,Wallet,1,48.23,0.0,48.23,29.44,18.79
517,2025-02-20,CUST-171,Sheffield,Consumer,Accessories,Wallet,3,45.37,0.0,136.1,80.01,56.09
93,2025-02-20,CUST-029,Sheffield,Small Business,Fitness,Water Bottle,4,66.93,0.0,267.72,137.92,129.8
872,2025-02-21,CUST-138,Manchester,Corporate,Office,Notebook,1,66.29,0.05,62.98,41.17,21.81
864,2025-02-23,CUST-118,Sheffield,Consumer,Home,Air Purifier,2,58.2,0.05,110.58,58.95,51.63
461,2025-02-23,CUST-075,London,Consumer,Electronics,Keyboard,3,130.61,0.1,352.65,208.88,143.77
34,2025-02-23,CUST-188,Bristol,Corporate,Office,Notebook,1,88.4,0.0,88.4,60.2,28.2
340,2025-02-23,CUST-070,Bristol,Corporate,Fitness,Fitness Tracker,1,66.81,0.0,66.81,39.53,27.28
559,2025-02-23,CUST-168,Manchester,Corporate,Electronics,Wireless Headphones,4,156.93,0.0,627.73,374.64,253.09
899,2025-02-23,CUST-132,Sheffield,Corporate,Electronics,Keyboard,3,159.07,0.1,429.49,246.89,182.6
861,2025-02-23,CUST-104,Sheffield,Small Business,Electronics,Keyboard,3,91.57,0.05,260.98,169.76,91.23
871,2025-02-24,CUST-051,Sheffield,Corporate,Home,Desk Lamp,3,68.82,0.1,185.83,115.7,70.12
155,2025-02-24,CUST-100,Bristol,Consumer,Electronics,Keyboard,4,105.93,0.1,381.35,209.06,172.28
374,2025-02-24,CUST-096,Bristol,Consumer,Office,Desk Organiser,1,51.93,0.1,46.74,25.59,21.15
279,2025-02-25,CUST-065,London,Small Business,Accessories,Phone Stand,1,56.32,0.0,56.32,36.16,20.16
605,2025-02-25,CUST-105,Bristol,Small Business,Fitness,Water Bottle,2,60.53,0.0,121.06,69.38,51.68
133,2025-02-25,CUST-040,Manchester,Corporate,Electronics,Wireless Headphones,4,44.81,0.05,170.3,116.04,54.25
851,2025-02-25,CUST-065,Leeds,Corporate,Fitness,Fitness Tracker,2,67.9,0.1,122.23,86.06,36.17
322,2025-02-26,CUST-047,London,Corporate,Home,Coffee Maker,4,62.32,0.0,249.27,164.39,84.88
817,2025-02-26,CUST-027,Birmingham,Small Business,Fitness,Resistance Bands,1,73.0,0.1,65.7,36.27,29.44
733,2025-02-26,CUST-042,Manchester,Consumer,Electronics,Keyboard,4,127.06,0.1,457.42,272.19,185.22
486,2025-02-27,CUST-181,London,Consumer,Electronics,Wireless Headphones,3,90.93,0.1,245.51,147.81,97.7
53,2025-02-27,CUST-148,Leeds,Corporate,Home,Storage Box,3,74.74,0.0,224.23,135.23,89.0
134,2025-02-28,CUST-059,London,Consumer,Home,Desk Lamp,3,63.25,0.1,170.78,94.61,76.17
387,2025-02-28,CUST-183,Sheffield,Consumer,Office,Printer,4,52.39,0.0,209.56,121.95,87.6
404,2025-02-28,CUST-089,London,Consumer,Office,Desk Organiser,3,78.16,0.0,234.47,143.05,91.43
201,2025-03-01,CUST-151,Birmingham,Consumer,Office,Notebook,5,68.31,0.0,341.57,217.35,124.23
850,2025-03-01,CUST-141,London,Small Business,Electronics,Wireless Headphones,2,102.16,0.0,204.33,141.5,62.83
454,2025-03-01,CUST-098,Birmingham,Small Business,Accessories,Phone Stand,2,40.98,0.0,81.95,55.06,26.9
69,2025-03-02,CUST-122,Birmingham,Consumer,Electronics,Wireless Headphones,4,136.14,0.0,544.57,352.26,192.31
607,2025-03-02,CUST-053,Manchester,Corporate,Electronics,Webcam,4,118.65,0.1,427.13,254.4,172.73
565,2025-03-02,CUST-014,Leeds,Corporate,Office,Office Chair,3,71.31,0.1,192.54,131.02,61.52
393,2025-03-03,CUST-038,London,Consumer,Electronics,Webcam,2,116.42,0.0,232.84,165.52,67.32
391,2025-03-03,CUST-170,Leeds,Consumer,Office,Notebook,3,82.19,0.1,221.91,137.4,84.51
567,2025-03-03,CUST-155,Leeds,Consumer,Home,Coffee Maker,2,84.74,0.05,161.01,99.14,61.87
86,2025-03-04,CUST-143,London,Consumer,Office,Notebook,3,60.07,0.05,171.21,105.94,65.27
623,2025-03-04,CUST-062,Leeds,Corporate,Accessories,Backpack,2,45.37,0.0,90.74,50.51,40.23
996,2025-03-04,CUST-196,Birmingham,Consumer,Electronics,Wireless Headphones,2,141.21,0.05,268.29,138.11,130.18
206,2025-03-06,CUST-013,Bristol,Small Business,Fitness,Yoga Mat,5,33.48,0.1,150.66,79.87,70.78
737,2025-03-06,CUST-020,London,Consumer,Fitness,Fitness Tracker,2,52.81,0.05,100.34,61.42,38.92
828,2025-03-06,CUST-017,Leeds,Consumer,Electronics,Wireless Headphones,4,60.83,0.0,243.34,162.14,81.2
295,2025-03-06,CUST-036,London,Corporate,Office,Office Chair,3,76.15,0.0,228.45,114.95,113.51
946,2025-03-07,CUST-167,London,Consumer,Office,Printer,1,70.13,0.0,70.13,40.17,29.96
162,2025-03-07,CUST-163,Bristol,Consumer,Accessories,Backpack,1,42.64,0.0,42.64,30.41,12.23
501,2025-03-07,CUST-108,Leeds,Small Business,Accessories,Wallet,2,47.24,0.0,94.48,53.79,40.69
767,2025-03-07,CUST-079,Sheffield,Consumer,Accessories,Wallet,4,50.4,0.05,191.52,123.66,67.86
159,2025-03-07,CUST-079,Manchester,Corporate,Fitness,Resistance Bands,3,39.54,0.05,112.68,68.41,44.28
641,2025-03-08,CUST-200,Birmingham,Consumer,Home,Desk Lamp,3,64.14,0.05,182.79,120.12,62.66
321,2025-03-09,CUST-095,Leeds,Corporate,Electronics,Wireless Headphones,2,95.44,0.15,162.24,99.94,62.3
677,2025-03-09,CUST-025,Birmingham,Consumer,Office,Printer,1,60.21,0.0,60.21,35.65,24.55
578,2025-03-09,CUST-154,Birmingham,Corporate,Home,Air Purifier,2,107.41,0.0,214.82,125.39,89.43
171,2025-03-10,CUST-105,Manchester,Consumer,Office,Desk Organiser,4,52.4,0.05,199.13,116.82,82.31
238,2025-03-10,CUST-131,Manchester,Consumer,Office,Notebook,1,52.99,0.0,52.99,37.91,15.08
38,2025-03-10,CUST-022,Bristol,Consumer,Office,Printer,1,66.84,0.15,56.81,37.63,19.18
563,2025-03-10,CUST-061,Manchester,Corporate,Office,Notebook,2,75.55,0.1,135.99,71.46,64.53
48,2025-03-10,CUST-099,Leeds,Consumer,Office,Office Chair,4,61.37,0.05,233.21,149.02,84.19
184,2025-03-10,CUST-175,London,Corporate,Electronics,Webcam,4,105.03,0.0,420.13,249.25,170.88
583,2025-03-10,CUST-011,Birmingham,Consumer,Home,Storage Box,3,86.52,0.0,259.56,174.14,85.42
991,2025-03-10,CUST-048,Bristol,Small Business,Office,Desk Organiser,1,71.09,0.05,67.54,43.99,23.55
232,2025-03-10,CUST-093,Bristol,Consumer,Home,Desk Lamp,5,75.66,0.0,378.29,260.11,118.18
465,2025-03-12,CUST-180,Leeds,Corporate,Fitness,Yoga Mat,5,40.73,0.0,203.63,116.69,86.94
975,2025-03-12,CUST-179,London,Consumer,Fitness,Resistance Bands,5,64.7,0.15,274.97,189.69,85.28
577,2025-03-12,CUST-078,Birmingham,Consumer,Accessories,Wallet,2,36.66,0.05,69.65,42.18,27.46
429,2025-03-13,CUST-155,Sheffield,Corporate,Fitness,Resistance Bands,1,50.76,0.1,45.68,32.04,13.65
797,2025-03-13,CUST-176,Manchester,Consumer,Electronics,Wireless Headphones,2,120.61,0.0,241.23,171.68,69.55
595,2025-03-13,CUST-125,Sheffield,Consumer,Electronics,Webcam,3,111.65,0.05,318.21,183.62,134.59
442,2025-03-14,CUST-059,Manchester,Corporate,Fitness,Fitness Tracker,3,34.71,0.15,88.52,48.44,40.08
362,2025-03-14,CUST-046,Manchester,Corporate,Office,Desk Organiser,1,68.24,0.0,68.24,48.49,19.74
197,2025-03-14,CUST-143,Bristol,Consumer,Home,Storage Box,2,78.61,0.1,141.5,80.23,61.26
669,2025-03-14,CUST-049,Bristol,Consumer,Accessories,USB Hub,5,44.57,0.1,200.56,125.41,75.15
436,2025-03-14,CUST-026,Leeds,Corporate,Fitness,Water Bottle,2,53.11,0.0,106.23,54.52,51.71
632,2025-03-15,CUST-108,Manchester,Corporate,Electronics,Keyboard,4,114.71,0.15,390.03,230.29,159.74
401,2025-03-15,CUST-061,Birmingham,Corporate,Office,Printer,2,57.21,0.05,108.7,71.88,36.82
664,2025-03-16,CUST-103,London,Consumer,Accessories,Phone Stand,3,39.81,0.1,107.49,75.69,31.8
718,2025-03-16,CUST-039,London,Corporate,Fitness,Resistance Bands,5,58.37,0.05,277.28,169.47,107.81
818,2025-03-17,CUST-158,Leeds,Consumer,Accessories,Backpack,5,41.82,0.0,209.12,143.01,66.1
149,2025-03-17,CUST-121,Sheffield,Consumer,Home,Air Purifier,5,78.48,0.05,372.79,198.36,174.43
444,2025-03-17,CUST-129,Sheffield,Consumer,Office,Office Chair,2,65.91,0.0,131.81,67.44,64.38
760,2025-03-18,CUST-037,London,Corporate,Accessories,USB Hub,5,48.67,0.1,219.03,118.52,100.51
638,2025-03-18,CUST-180,Manchester,Consumer,Home,Storage Box,3,51.43,0.05,146.58,105.31,41.27
930,2025-03-18,CUST-182,Bristol,Consumer,Electronics,Keyboard,1,123.32,0.0,123.32,62.16,61.16
943,2025-03-18,CUST-116,Sheffield,Corporate,Accessories,Wallet,1,54.01,0.0,54.01,29.86,24.16
581,2025-03-19,CUST-016,Birmingham,Consumer,Electronics,Wireless Headphones,3,119.73,0.05,341.23,234.84,106.39
185,2025-03-19,CUST-077,Bristol,Consumer,Fitness,Yoga Mat,5,67.12,0.05,318.84,175.69,143.15
210,2025-03-20,CUST-145,Leeds,Consumer,Accessories,Backpack,2,35.92,0.0,71.84,43.04,28.81
546,2025-03-20,CUST-078,London,Consumer,Accessories,Wallet,4,56.77,0.05,215.71,154.16,61.55
747,2025-03-20,CUST-073,Manchester,Small Business,Office,Printer,5,77.19,0.0,385.94,210.4,175.55
862,2025-03-21,CUST-011,London,Consumer,Fitness,Resistance Bands,2,47.82,0.0,95.64,49.81,45.83
345,2025-03-22,CUST-127,Manchester,Corporate,Accessories,USB Hub,5,56.8,0.05,269.8,145.11,124.68
645,2025-03-23,CUST-087,London,Consumer,Office,Desk Organiser,3,69.64,0.0,208.91,136.24,72.67
673,2025-03-23,CUST-185,London,Small Business,Electronics,Monitor,1,138.85,0.0,138.85,80.89,57.96
173,2025-03-23,CUST-141,London,Consumer,Electronics,Wireless Headphones,2,83.61,0.05,158.86,107.66,51.2
136,2025-03-23,CUST-100,Manchester,Small Business,Electronics,Wireless Headphones,3,106.4,0.0,319.21,223.42,95.79
483,2025-03-24,CUST-110,Sheffield,Consumer,Accessories,USB Hub,3,50.15,0.0,150.46,85.91,64.55
994,2025-03-25,CUST-034,Leeds,Corporate,Fitness,Fitness Tracker,4,61.44,0.0,245.74,170.86,74.89
913,2025-03-25,CUST-114,Leeds,Consumer,Accessories,Backpack,5,42.89,0.0,214.47,126.35,88.11
143,2025-03-25,CUST-006,Birmingham,Consumer,Accessories,Phone Stand,3,43.2,0.1,116.64,69.09,47.55
234,2025-03-25,CUST-152,London,Small Business,Electronics,Webcam,4,150.85,0.0,603.38,354.63,248.75
639,2025-03-25,CUST-103,Bristol,Consumer,Office,Notebook,3,58.03,0.0,174.1,114.89,59.2
510,2025-03-26,CUST-195,Bristol,Corporate,Home,Air Purifier,2,67.6,0.0,135.2,82.64,52.56
879,2025-03-26,CUST-167,Leeds,Small Business,Home,Desk Lamp,5,71.06,0.05,337.52,231.17,106.35
169,2025-03-27,CUST-175,Manchester,Corporate,Office,Office Chair,4,68.24,0.0,272.94,188.6,84.34
939,2025-03-27,CUST-039,Leeds,Consumer,Accessories,Wallet,5,39.82,0.0,199.12,127.72,71.4
241,2025-03-27,CUST-076,Sheffield,Small Business,Fitness,Water Bottle,5,50.56,0.0,252.81,162.61,90.2
205,2025-03-27,CUST-133,Sheffield,Consumer,Fitness,Water Bottle,5,58.77,0.0,293.83,158.35,135.48
502,2025-03-28,CUST-090,Bristol,Consumer,Home,Air Purifier,5,29.92,0.0,149.58,103.59,45.99
827,2025-03-29,CUST-011,Birmingham,Consumer,Home,Coffee Maker,4,66.3,0.05,251.95,126.99,124.96
603,2025-03-31,CUST-101,London,Consumer,Home,Air Purifier,4,80.38,0.0,321.52,161.38,160.14
151,2025-03-31,CUST-174,Manchester,Small Business,Home,Coffee Maker,1,68.64,0.0,68.64,49.08,19.56
326,2025-03-31,CUST-190,London,Consumer,Accessories,Backpack,4,48.26,0.15,164.09,107.74,56.35
649,2025-04-01,CUST-164,Birmingham,Corporate,Accessories,Phone Stand,3,51.18,0.15,130.52,93.27,37.25
440,2025-04-01,CUST-018,Bristol,Small Business,Fitness,Water Bottle,1,47.75,0.0,47.75,26.16,21.59
763,2025-04-02,CUST-139,London,Consumer,Home,Desk Lamp,1,76.62,0.05,72.78,38.71,34.08
103,2025-04-02,CUST-008,Manchester,Small Business,Electronics,Monitor,5,83.1,0.05,394.71,274.42,120.29
977,2025-04-02,CUST-022,Leeds,Corporate,Fitness,Yoga Mat,2,63.49,0.0,126.98,86.67,40.31
5,2025-04-02,CUST-111,Leeds,Consumer,Office,Notebook,4,41.29,0.0,165.15,90.96,74.19
36,2025-04-02,CUST-058,Manchester,Consumer,Fitness,Yoga Mat,3,57.14,0.1,154.29,86.34,67.95
710,2025-04-02,CUST-181,Bristol,Consumer,Home,Air Purifier,3,99.75,0.1,269.33,146.87,122.46
329,2025-04-03,CUST-086,Leeds,Consumer,Accessories,Wallet,1,57.04,0.15,48.48,32.38,16.1
332,2025-04-03,CUST-071,London,Corporate,Office,Printer,2,55.43,0.15,94.23,48.05,46.18
987,2025-04-03,CUST-022,London,Corporate,Home,Storage Box,3,68.96,0.0,206.89,143.19,63.7
506,2025-04-03,CUST-022,Manchester,Small Business,Fitness,Water Bottle,3,49.16,0.05,140.12,80.94,59.17
742,2025-04-03,CUST-114,Leeds,Small Business,Electronics,Keyboard,4,108.58,0.0,434.33,262.05,172.27
266,2025-04-03,CUST-109,London,Corporate,Accessories,Wallet,3,44.84,0.0,134.52,75.45,59.07
656,2025-04-04,CUST-154,Manchester,Corporate,Fitness,Fitness Tracker,1,57.21,0.05,54.35,34.14,20.21
970,2025-04-04,CUST-117,Birmingham,Corporate,Fitness,Fitness Tracker,1,51.34,0.05,48.78,26.6,22.18
392,2025-04-04,CUST-138,Leeds,Corporate,Accessories,USB Hub,3,42.1,0.0,126.3,79.82,46.49
893,2025-04-05,CUST-125,London,Corporate,Electronics,Keyboard,3,132.71,0.1,358.33,235.63,122.69
63,2025-04-05,CUST-072,Manchester,Consumer,Office,Desk Organiser,5,68.9,0.1,310.04,158.22,151.82
470,2025-04-05,CUST-135,Leeds,Small Business,Home,Coffee Maker,2,82.05,0.0,164.1,98.1,66.0
485,2025-04-06,CUST-075,Sheffield,Consumer,Accessories,Backpack,4,40.62,0.0,162.5,86.18,76.31
37,2025-04-06,CUST-126,Sheffield,Corporate,Electronics,Monitor,1,112.04,0.1,100.84,60.23,40.61
396,2025-04-06,CUST-163,Bristol,Corporate,Electronics,Webcam,1,131.6,0.0,131.6,73.45,58.16
874,2025-04-06,CUST-056,Bristol,Consumer,Electronics,Wireless Headphones,5,118.87,0.0,594.33,371.63,222.7
203,2025-04-07,CUST-004,Leeds,Small Business,Electronics,Wireless Headphones,1,104.68,0.0,104.68,68.27,36.41
240,2025-04-08,CUST-198,Sheffield,Consumer,Accessories,Backpack,1,58.2,0.1,52.38,32.51,19.86
530,2025-04-09,CUST-121,Leeds,Corporate,Home,Desk Lamp,2,87.81,0.1,158.05,79.73,78.33
947,2025-04-10,CUST-051,Manchester,Corporate,Accessories,Wallet,2,38.93,0.0,77.86,53.3,24.56
76,2025-04-11,CUST-006,Leeds,Corporate,Fitness,Water Bottle,1,64.01,0.05,60.81,35.47,25.34
908,2025-04-11,CUST-071,Sheffield,Small Business,Home,Desk Lamp,2,55.36,0.0,110.71,73.61,37.1
511,2025-04-12,CUST-169,Sheffield,Corporate,Fitness,Yoga Mat,1,60.41,0.0,60.41,31.51,28.9
120,2025-04-13,CUST-017,Sheffield,Corporate,Fitness,Resistance Bands,4,52.23,0.1,188.04,107.22,80.82
453,2025-04-13,CUST-125,London,Consumer,Office,Desk Organiser,1,75.46,0.0,75.46,45.44,30.02
681,2025-04-14,CUST-180,Sheffield,Corporate,Office,Notebook,4,84.13,0.0,336.52,178.94,157.58
24,2025-04-14,CUST-084,Sheffield,Consumer,Office,Desk Organiser,1,70.87,0.05,67.33,34.91,32.42
776,2025-04-15,CUST-088,Manchester,Consumer,Office,Desk Organiser,2,74.67,0.0,149.34,103.09,46.25
214,2025-04-15,CUST-169,London,Corporate,Electronics,Webcam,1,135.53,0.0,135.53,75.54,59.99
783,2025-04-15,CUST-150,Manchester,Small Business,Office,Office Chair,1,54.49,0.0,54.49,31.31,23.18
860,2025-04-16,CUST-108,Birmingham,Consumer,Fitness,Yoga Mat,5,61.88,0.0,309.42,201.96,107.46
455,2025-04-16,CUST-146,Manchester,Corporate,Office,Notebook,2,60.36,0.1,108.64,66.28,42.36
466,2025-04-16,CUST-021,Bristol,Corporate,Home,Air Purifier,4,86.57,0.05,328.98,204.5,124.48
671,2025-04-16,CUST-032,Manchester,Small Business,Home,Desk Lamp,4,54.61,0.0,218.44,136.78,81.66
268,2025-04-16,CUST-107,Sheffield,Small Business,Home,Desk Lamp,5,65.51,0.0,327.55,179.52,148.03
368,2025-04-17,CUST-089,London,Small Business,Accessories,Backpack,3,52.23,0.1,141.02,83.77,57.25
236,2025-04-17,CUST-084,Manchester,Small Business,Accessories,Backpack,4,37.77,0.0,151.08,103.9,47.19
920,2025-04-17,CUST-146,Bristol,Consumer,Fitness,Fitness Tracker,5,51.61,0.1,232.25,126.86,105.39
793,2025-04-17,CUST-145,London,Consumer,Electronics,Webcam,5,80.97,0.15,344.11,195.74,148.37
327,2025-04-18,CUST-115,Bristol,Small Business,Fitness,Water Bottle,3,49.99,0.0,149.98,75.46,74.52
122,2025-04-18,CUST-126,Manchester,Consumer,Home,Coffee Maker,2,68.54,0.05,130.22,77.34,52.88
187,2025-04-19,CUST-036,Bristol,Small Business,Electronics,Keyboard,4,128.42,0.0,513.69,359.18,154.51
75,2025-04-19,CUST-146,Leeds,Corporate,Fitness,Water Bottle,1,57.16,0.05,54.3,36.58,17.72
667,2025-04-19,CUST-116,Bristol,Consumer,Fitness,Fitness Tracker,2,45.29,0.0,90.58,54.3,36.28
775,2025-04-19,CUST-116,Leeds,Small Business,Accessories,Phone Stand,3,57.96,0.0,173.88,105.97,67.91
820,2025-04-19,CUST-171,Leeds,Small Business,Office,Notebook,3,48.74,0.1,131.6,83.28,48.32
925,2025-04-19,CUST-120,Sheffield,Consumer,Home,Storage Box,3,66.83,0.1,180.45,120.76,59.69
94,2025-04-20,CUST-164,Sheffield,Small Business,Office,Notebook,1,72.87,0.0,72.87,52.22,20.65
175,2025-04-20,CUST-074,Manchester,Consumer,Fitness,Resistance Bands,1,33.7,0.0,33.7,21.2,12.5
68,2025-04-21,CUST-151,Birmingham,Consumer,Home,Air Purifier,3,94.17,0.05,268.37,154.35,114.02
299,2025-04-21,CUST-159,Leeds,Small Business,Office,Office Chair,4,62.9,0.0,251.61,148.11,103.51
514,2025-04-21,CUST-137,Leeds,Corporate,Electronics,Monitor,4,139.91,0.05,531.65,313.87,217.78
509,2025-04-21,CUST-038,Bristol,Small Business,Electronics,Keyboard,3,108.83,0.0,326.49,166.92,159.57
848,2025-04-21,CUST-021,Bristol,Corporate,Accessories,Phone Stand,3,32.42,0.05,92.38,47.22,45.17
811,2025-04-22,CUST-144,Manchester,Consumer,Electronics,Keyboard,1,108.51,0.0,108.51,75.32,33.19
17,2025-04-23,CUST-101,London,Small Business,Fitness,Resistance Bands,4,57.55,0.15,195.67,108.67,87.0
281,2025-04-23,CUST-109,Manchester,Consumer,Accessories,USB Hub,2,47.2,0.05,89.68,46.92,42.77
644,2025-04-24,CUST-133,Manchester,Corporate,Office,Notebook,5,54.88,0.1,246.98,137.92,109.06
493,2025-04-26,CUST-118,Leeds,Consumer,Office,Notebook,5,60.62,0.1,272.8,178.54,94.26
228,2025-04-27,CUST-159,Leeds,Corporate,Electronics,Monitor,5,146.1,0.05,693.98,496.91,197.07
615,2025-04-27,CUST-068,Birmingham,Small Business,Electronics,Wireless Headphones,4,141.31,0.0,565.22,310.9,254.32
835,2025-04-28,CUST-192,Sheffield,Corporate,Accessories,Wallet,5,43.19,0.05,205.13,113.36,91.77
274,2025-04-28,CUST-121,Leeds,Consumer,Office,Desk Organiser,5,75.04,0.0,375.19,240.1,135.09
717,2025-04-28,CUST-137,Birmingham,Consumer,Home,Air Purifier,3,67.69,0.1,182.76,95.21,87.55
724,2025-04-28,CUST-053,Leeds,Consumer,Fitness,Yoga Mat,2,59.92,0.1,107.85,70.1,37.75
992,2025-04-29,CUST-037,Sheffield,Consumer,Home,Coffee Maker,5,60.43,0.0,302.13,183.58,118.55
235,2025-04-30,CUST-138,Sheffield,Consumer,Home,Desk Lamp,2,61.82,0.0,123.64,86.47,37.17
699,2025-05-01,CUST-160,Manchester,Consumer,Office,Notebook,5,64.05,0.0,320.27,208.36,111.91
305,2025-05-01,CUST-065,Birmingham,Consumer,Accessories,Phone Stand,1,48.89,0.0,48.89,34.45,14.43
15,2025-05-01,CUST-116,Bristol,Small Business,Office,Office Chair,4,73.47,0.0,293.89,188.82,105.07
283,2025-05-02,CUST-125,Bristol,Small Business,Electronics,Wireless Headphones,2,101.89,0.0,203.79,107.73,96.06
217,2025-05-02,CUST-032,Sheffield,Small Business,Office,Notebook,4,62.41,0.1,224.68,144.26,80.42
746,2025-05-03,CUST-114,Leeds,Small Business,Fitness,Fitness Tracker,4,66.96,0.1,241.05,156.81,84.24
982,2025-05-03,CUST-186,Leeds,Consumer,Fitness,Resistance Bands,4,53.59,0.0,214.37,107.73,106.64
152,2025-05-03,CUST-134,London,Small Business,Electronics,Keyboard,4,143.22,0.0,572.89,366.66,206.23
204,2025-05-04,CUST-166,Manchester,Consumer,Home,Air Purifier,4,86.54,0.0,346.14,220.58,125.56
413,2025-05-05,CUST-013,Leeds,Consumer,Electronics,Webcam,5,109.48,0.0,547.38,316.48,230.9
787,2025-05-05,CUST-138,London,Small Business,Office,Notebook,2,69.78,0.1,125.61,80.47,45.14
280,2025-05-06,CUST-139,London,Consumer,Electronics,Monitor,4,186.68,0.0,746.73,374.47,372.26
676,2025-05-06,CUST-067,Sheffield,Consumer,Office,Notebook,5,56.23,0.15,238.97,128.09,110.88
469,2025-05-06,CUST-075,Bristol,Consumer,Office,Printer,4,76.45,0.0,305.79,163.41,142.38
218,2025-05-06,CUST-136,Sheffield,Corporate,Home,Storage Box,2,71.26,0.05,135.4,74.28,61.11
566,2025-05-06,CUST-188,London,Consumer,Accessories,Phone Stand,2,52.25,0.05,99.27,67.42,31.85
346,2025-05-06,CUST-057,London,Consumer,Electronics,Wireless Headphones,1,126.74,0.0,126.74,66.86,59.88
757,2025-05-07,CUST-093,Sheffield,Corporate,Fitness,Resistance Bands,1,44.47,0.1,40.02,23.63,16.39
621,2025-05-07,CUST-055,Leeds,Consumer,Office,Notebook,3,66.29,0.0,198.88,106.2,92.68
21,2025-05-08,CUST-039,Manchester,Small Business,Electronics,Keyboard,3,108.42,0.0,325.26,229.93,95.33
849,2025-05-08,CUST-175,Manchester,Consumer,Electronics,Monitor,5,145.21,0.0,726.05,370.78,355.27
962,2025-05-08,CUST-117,Sheffield,Consumer,Office,Desk Organiser,1,48.97,0.15,41.63,26.43,15.19
548,2025-05-08,CUST-113,Birmingham,Consumer,Fitness,Water Bottle,3,53.72,0.1,145.05,99.75,45.3
348,2025-05-08,CUST-196,Manchester,Consumer,Home,Storage Box,2,59.96,0.0,119.93,80.71,39.22
233,2025-05-09,CUST-024,London,Consumer,Fitness,Yoga Mat,5,64.0,0.0,320.01,223.64,96.37
627,2025-05-09,CUST-010,Birmingham,Consumer,Fitness,Water Bottle,3,65.63,0.0,196.88,108.16,88.72
111,2025-05-10,CUST-054,Birmingham,Consumer,Electronics,Wireless Headphones,5,113.02,0.1,508.58,301.51,207.07
587,2025-05-10,CUST-012,London,Corporate,Electronics,Webcam,2,151.49,0.15,257.54,170.0,87.54
877,2025-05-11,CUST-115,Manchester,Corporate,Accessories,Phone Stand,2,40.41,0.0,80.82,54.4,26.42
574,2025-05-11,CUST-194,London,Small Business,Accessories,Backpack,4,42.2,0.05,160.35,109.44,50.92
160,2025-05-11,CUST-018,Bristol,Corporate,Home,Storage Box,3,102.02,0.0,306.07,177.22,128.85
896,2025-05-11,CUST-067,Leeds,Corporate,Fitness,Fitness Tracker,5,48.15,0.0,240.75,123.2,117.54
85,2025-05-12,CUST-089,Bristol,Corporate,Office,Desk Organiser,3,69.62,0.05,198.4,122.03,76.37
420,2025-05-12,CUST-039,London,Corporate,Accessories,Phone Stand,4,39.26,0.0,157.04,100.79,56.24
610,2025-05-12,CUST-177,Birmingham,Consumer,Electronics,Keyboard,1,79.18,0.0,79.18,53.45,25.73
87,2025-05-14,CUST-067,Birmingham,Consumer,Home,Air Purifier,2,87.05,0.05,165.39,86.95,78.44
359,2025-05-14,CUST-027,Manchester,Consumer,Accessories,USB Hub,4,45.93,0.05,174.53,114.29,60.24
965,2025-05-14,CUST-114,Birmingham,Small Business,Home,Air Purifier,1,67.77,0.0,67.77,44.66,23.11
528,2025-05-14,CUST-021,Manchester,Consumer,Electronics,Wireless Headphones,2,130.47,0.0,260.93,162.33,98.6
923,2025-05-15,CUST-001,London,Consumer,Electronics,Wireless Headphones,1,132.53,0.05,125.9,74.92,50.98
918,2025-05-15,CUST-114,Birmingham,Corporate,Electronics,Monitor,2,140.68,0.0,281.36,162.83,118.53
631,2025-05-15,CUST-185,Leeds,Small Business,Home,Air Purifier,4,70.18,0.1,252.64,134.05,118.6
740,2025-05-15,CUST-022,Bristol,Small Business,Accessories,Backpack,3,38.13,0.1,102.95,70.17,32.78
57,2025-05-16,CUST-186,Leeds,Corporate,Electronics,Monitor,4,113.34,0.0,453.37,291.2,162.17
886,2025-05-16,CUST-131,Manchester,Small Business,Office,Notebook,1,58.54,0.0,58.54,42.02,16.52
379,2025-05-17,CUST-175,London,Consumer,Home,Storage Box,3,91.18,0.05,259.88,186.32,73.55
428,2025-05-17,CUST-182,London,Corporate,Electronics,Keyboard,4,96.02,0.0,384.1,264.13,119.97
314,2025-05-18,CUST-163,London,Corporate,Home,Coffee Maker,2,72.8,0.0,145.6,76.79,68.82
370,2025-05-19,CUST-186,London,Consumer,Office,Desk Organiser,2,62.23,0.1,112.01,63.21,48.8
585,2025-05-20,CUST-038,Leeds,Consumer,Fitness,Water Bottle,2,47.76,0.15,81.19,53.44,27.75
588,2025-05-20,CUST-073,Manchester,Corporate,Electronics,Keyboard,3,87.68,0.0,263.05,132.96,130.09
744,2025-05-21,CUST-156,Birmingham,Consumer,Accessories,Phone Stand,5,53.01,0.15,225.28,156.74,68.54
380,2025-05-21,CUST-129,Manchester,Consumer,Accessories,Phone Stand,2,38.6,0.0,77.2,47.1,30.11
488,2025-05-21,CUST-141,Leeds,Corporate,Fitness,Fitness Tracker,3,69.04,0.05,196.77,125.19,71.58
306,2025-05-21,CUST-083,London,Consumer,Office,Printer,4,62.97,0.1,226.68,157.81,68.86
984,2025-05-22,CUST-136,Sheffield,Consumer,Fitness,Water Bottle,2,54.06,0.0,108.13,70.46,37.67
993,2025-05-23,CUST-163,London,Consumer,Electronics,Wireless Headphones,1,69.12,0.05,65.66,46.83,18.84
601,2025-05-23,CUST-085,Sheffield,Consumer,Home,Storage Box,2,102.67,0.0,205.34,116.13,89.21
801,2025-05-24,CUST-073,Leeds,Consumer,Home,Desk Lamp,1,49.45,0.0,49.45,26.68,22.77
56,2025-05-24,CUST-185,Birmingham,Consumer,Accessories,USB Hub,1,45.1,0.05,42.85,26.93,15.92
614,2025-05-25,CUST-037,Bristol,Corporate,Electronics,Wireless Headphones,4,119.25,0.0,477.02,280.66,196.35
62,2025-05-25,CUST-085,Sheffield,Consumer,Accessories,Backpack,5,40.15,0.1,180.65,124.09,56.56
58,2025-05-25,CUST-161,Bristol,Small Business,Home,Air Purifier,4,65.04,0.15,221.15,144.54,76.61
591,2025-05-25,CUST-051,Manchester,Consumer,Office,Office Chair,5,40.69,0.1,183.1,92.04,91.07
672,2025-05-26,CUST-009,Sheffield,Small Business,Office,Notebook,1,64.33,0.05,61.11,36.93,24.18
290,2025-05-27,CUST-154,Leeds,Consumer,Home,Air Purifier,2,81.31,0.1,146.36,77.97,68.39
823,2025-05-27,CUST-023,London,Consumer,Electronics,Webcam,3,118.63,0.1,320.29,197.3,122.99
337,2025-05-27,CUST-112,Sheffield,Consumer,Office,Notebook,4,48.02,0.05,182.48,98.71,83.77
618,2025-05-27,CUST-050,London,Consumer,Fitness,Fitness Tracker,5,64.72,0.1,291.26,174.92,116.34
884,2025-05-29,CUST-022,London,Corporate,Accessories,Phone Stand,3,27.55,0.05,78.53,50.87,27.66
289,2025-05-29,CUST-139,Leeds,Consumer,Office,Printer,3,67.97,0.05,193.71,133.93,59.78
438,2025-05-29,CUST-084,London,Small Business,Home,Desk Lamp,1,94.96,0.0,94.96,62.73,32.24
312,2025-05-29,CUST-028,Sheffield,Consumer,Electronics,Monitor,3,148.23,0.0,444.69,285.43,159.26
816,2025-05-30,CUST-131,Sheffield,Consumer,Office,Printer,5,65.83,0.1,296.23,163.8,132.43
457,2025-05-30,CUST-112,Birmingham,Consumer,Accessories,Wallet,5,47.19,0.0,235.97,124.86,111.11
375,2025-05-30,CUST-169,Sheffield,Corporate,Home,Storage Box,2,71.9,0.05,136.61,83.42,53.18
561,2025-05-30,CUST-032,London,Corporate,Office,Desk Organiser,3,54.07,0.0,162.21,110.72,51.49
869,2025-05-31,CUST-196,Bristol,Small Business,Office,Office Chair,2,49.09,0.05,93.27,58.07,35.2
194,2025-05-31,CUST-114,Bristol,Consumer,Office,Notebook,2,79.36,0.0,158.71,83.46,75.25
571,2025-06-01,CUST-074,Bristol,Small Business,Home,Coffee Maker,1,83.95,0.05,79.75,55.39,24.36
705,2025-06-02,CUST-021,London,Consumer,Fitness,Resistance Bands,2,65.19,0.0,130.38,79.71,50.67
526,2025-06-02,CUST-173,London,Small Business,Home,Storage Box,5,70.8,0.0,353.98,227.0,126.99
109,2025-06-02,CUST-122,Leeds,Consumer,Accessories,Wallet,5,46.59,0.0,232.93,144.86,88.07
686,2025-06-03,CUST-176,London,Consumer,Electronics,Webcam,2,104.5,0.0,209.0,150.28,58.72
176,2025-06-03,CUST-153,Leeds,Consumer,Fitness,Fitness Tracker,2,72.51,0.0,145.01,73.32,71.69
249,2025-06-03,CUST-126,Sheffield,Corporate,Electronics,Wireless Headphones,5,128.42,0.0,642.11,325.2,316.91
304,2025-06-03,CUST-018,Sheffield,Corporate,Accessories,Phone Stand,1,40.88,0.0,40.88,25.04,15.84
492,2025-06-03,CUST-102,Sheffield,Consumer,Electronics,Keyboard,3,119.58,0.1,322.86,232.22,90.65
114,2025-06-03,CUST-194,Bristol,Consumer,Electronics,Monitor,3,117.44,0.05,334.72,191.97,142.75
282,2025-06-04,CUST-174,Sheffield,Small Business,Office,Office Chair,3,78.55,0.15,200.3,117.08,83.22
769,2025-06-05,CUST-172,Bristol,Small Business,Home,Air Purifier,3,80.88,0.0,242.64,127.59,115.05
830,2025-06-05,CUST-158,Bristol,Small Business,Electronics,Webcam,2,139.06,0.05,264.21,188.45,75.75
179,2025-06-05,CUST-035,Manchester,Corporate,Electronics,Webcam,5,129.97,0.05,617.37,434.95,182.42
620,2025-06-05,CUST-005,Bristol,Corporate,Office,Desk Organiser,4,45.49,0.0,181.98,102.15,79.83
394,2025-06-05,CUST-149,Manchester,Consumer,Accessories,Phone Stand,5,36.24,0.0,181.19,101.34,79.85
383,2025-06-05,CUST-073,London,Consumer,Fitness,Water Bottle,5,69.5,0.0,347.48,174.5,172.98
88,2025-06-06,CUST-038,London,Consumer,Electronics,Wireless Headphones,5,122.07,0.0,610.33,404.72,205.61
142,2025-06-06,CUST-075,Leeds,Small Business,Electronics,Keyboard,1,76.04,0.0,76.04,51.32,24.72
191,2025-06-07,CUST-121,Leeds,Consumer,Electronics,Monitor,5,131.64,0.0,658.19,406.68,251.5
929,2025-06-07,CUST-003,Birmingham,Consumer,Accessories,Phone Stand,5,50.22,0.0,251.09,130.2,120.88
227,2025-06-08,CUST-188,Leeds,Consumer,Home,Storage Box,4,102.83,0.05,390.76,264.58,126.18
754,2025-06-09,CUST-138,Birmingham,Corporate,Electronics,Keyboard,3,102.07,0.1,275.58,181.83,93.76
41,2025-06-09,CUST-084,Leeds,Consumer,Office,Printer,5,76.38,0.1,343.71,243.26,100.45
685,2025-06-10,CUST-107,London,Consumer,Home,Coffee Maker,4,76.76,0.05,291.69,193.26,98.43
785,2025-06-10,CUST-066,Sheffield,Consumer,Accessories,USB Hub,5,38.48,0.0,192.39,99.99,92.4
766,2025-06-10,CUST-014,Leeds,Corporate,Home,Coffee Maker,1,67.53,0.05,64.15,39.83,24.32
989,2025-06-10,CUST-135,London,Consumer,Electronics,Monitor,5,111.25,0.0,556.25,330.32,225.93
25,2025-06-10,CUST-068,London,Consumer,Office,Printer,1,86.83,0.05,82.49,45.31,37.17
751,2025-06-10,CUST-031,Birmingham,Corporate,Accessories,Wallet,3,41.76,0.15,106.48,67.82,38.66
679,2025-06-11,CUST-030,Sheffield,Corporate,Fitness,Resistance Bands,5,72.58,0.05,344.77,185.58,159.19
378,2025-06-11,CUST-028,Birmingham,Consumer,Office,Office Chair,2,75.75,0.0,151.49,79.26,72.23
144,2025-06-12,CUST-064,London,Corporate,Home,Air Purifier,2,59.52,0.1,107.13,58.98,48.14
447,2025-06-12,CUST-060,Sheffield,Corporate,Home,Coffee Maker,5,95.17,0.1,428.28,240.12,188.16
480,2025-06-13,CUST-148,Manchester,Corporate,Accessories,Phone Stand,4,53.58,0.05,203.59,115.58,88.0
596,2025-06-13,CUST-161,Bristol,Corporate,Fitness,Fitness Tracker,1,63.98,0.15,54.38,38.79,15.58
765,2025-06-13,CUST-006,Leeds,Consumer,Office,Desk Organiser,1,53.39,0.05,50.72,27.09,23.63
697,2025-06-14,CUST-115,Leeds,Corporate,Electronics,Keyboard,5,122.73,0.05,582.97,374.23,208.74
715,2025-06-14,CUST-029,Manchester,Consumer,Office,Printer,4,58.26,0.05,221.4,143.19,78.21
657,2025-06-15,CUST-159,Sheffield,Small Business,Office,Notebook,5,78.45,0.0,392.26,200.36,191.9
569,2025-06-15,CUST-041,Bristol,Corporate,Electronics,Webcam,2,112.11,0.05,213.0,117.78,95.22
798,2025-06-15,CUST-123,Birmingham,Consumer,Home,Air Purifier,2,65.39,0.1,117.7,62.91,54.8
66,2025-06-15,CUST-079,Leeds,Consumer,Fitness,Water Bottle,3,63.69,0.1,171.96,99.16,72.81
445,2025-06-15,CUST-099,Bristol,Corporate,Fitness,Water Bottle,1,36.53,0.1,32.88,22.38,10.5
446,2025-06-15,CUST-081,Sheffield,Small Business,Office,Office Chair,1,77.04,0.05,73.18,39.1,34.08
110,2025-06-17,CUST-098,Leeds,Corporate,Electronics,Wireless Headphones,3,98.87,0.1,266.94,184.79,82.15
270,2025-06-17,CUST-108,Birmingham,Consumer,Office,Printer,5,68.14,0.1,306.65,164.47,142.18
243,2025-06-17,CUST-058,Leeds,Corporate,Accessories,Phone Stand,5,37.11,0.0,185.55,131.42,54.13
611,2025-06-17,CUST-048,Birmingham,Corporate,Home,Storage Box,1,89.45,0.0,89.45,51.97,37.48
369,2025-06-17,CUST-164,Manchester,Corporate,Office,Notebook,1,76.69,0.05,72.86,49.79,23.07
789,2025-06-18,CUST-062,Bristol,Corporate,Electronics,Monitor,2,103.33,0.0,206.66,116.3,90.36
668,2025-06-18,CUST-146,Sheffield,Consumer,Electronics,Monitor,4,120.72,0.1,434.57,251.14,183.44
131,2025-06-19,CUST-009,London,Corporate,Office,Office Chair,3,62.88,0.0,188.65,129.69,58.96
522,2025-06-19,CUST-135,Manchester,Consumer,Fitness,Resistance Bands,2,71.42,0.0,142.84,97.42,45.42
773,2025-06-19,CUST-039,Birmingham,Small Business,Accessories,Phone Stand,1,41.53,0.1,37.37,24.38,12.99
905,2025-06-19,CUST-061,Sheffield,Consumer,Accessories,Backpack,1,55.67,0.1,50.1,30.77,19.33
979,2025-06-19,CUST-119,Bristol,Small Business,Electronics,Webcam,4,93.51,0.1,336.65,239.19,97.46
330,2025-06-20,CUST-170,Leeds,Consumer,Office,Office Chair,4,62.42,0.1,224.71,123.66,101.05
678,2025-06-21,CUST-064,Leeds,Corporate,Electronics,Monitor,1,114.8,0.0,114.8,61.03,53.77
807,2025-06-21,CUST-168,Sheffield,Consumer,Electronics,Monitor,3,93.32,0.1,251.95,163.24,88.71
542,2025-06-21,CUST-087,London,Small Business,Office,Desk Organiser,1,66.98,0.0,66.98,46.0,20.98
331,2025-06-22,CUST-010,Leeds,Consumer,Accessories,USB Hub,3,38.16,0.0,114.47,79.77,34.71
333,2025-06-22,CUST-116,Bristol,Corporate,Accessories,Phone Stand,3,44.32,0.0,132.95,84.67,48.28
367,2025-06-23,CUST-131,Manchester,Corporate,Home,Storage Box,2,71.35,0.0,142.69,80.24,62.45
140,2025-06-24,CUST-029,Leeds,Corporate,Electronics,Keyboard,3,106.51,0.1,287.57,206.43,81.14
307,2025-06-24,CUST-023,Bristol,Corporate,Office,Notebook,5,73.64,0.1,331.36,214.95,116.41
437,2025-06-24,CUST-162,Manchester,Small Business,Electronics,Keyboard,5,115.77,0.1,520.98,289.08,231.9
100,2025-06-24,CUST-194,Sheffield,Consumer,Home,Coffee Maker,3,62.71,0.0,188.12,126.16,61.96
964,2025-06-25,CUST-074,Birmingham,Consumer,Fitness,Yoga Mat,5,38.5,0.05,182.87,112.38,70.49
119,2025-06-25,CUST-072,Manchester,Consumer,Electronics,Wireless Headphones,5,77.83,0.0,389.13,257.15,131.98
247,2025-06-25,CUST-107,Bristol,Consumer,Home,Coffee Maker,1,69.24,0.0,69.24,45.78,23.46
132,2025-06-25,CUST-090,Manchester,Consumer,Home,Air Purifier,4,51.21,0.0,204.86,114.14,90.72
841,2025-06-26,CUST-169,Birmingham,Consumer,Home,Storage Box,2,85.61,0.1,154.09,79.85,74.24
756,2025-06-26,CUST-113,Leeds,Consumer,Fitness,Resistance Bands,2,68.52,0.0,137.04,93.75,43.29
738,2025-06-26,CUST-177,London,Corporate,Electronics,Webcam,1,121.5,0.0,121.5,78.99,42.5
81,2025-06-27,CUST-010,Bristol,Consumer,Accessories,USB Hub,5,51.19,0.0,255.95,161.42,94.53
202,2025-06-27,CUST-159,London,Consumer,Office,Notebook,2,55.72,0.0,111.44,67.6,43.84
709,2025-06-27,CUST-171,Leeds,Consumer,Electronics,Monitor,3,166.43,0.0,499.29,298.78,200.51
129,2025-06-27,CUST-082,Sheffield,Small Business,Office,Office Chair,1,94.27,0.05,89.56,49.91,39.65
302,2025-06-27,CUST-156,Sheffield,Small Business,Accessories,USB Hub,4,34.4,0.05,130.71,80.49,50.22
40,2025-06-29,CUST-138,Manchester,Small Business,Home,Air Purifier,2,100.27,0.1,180.49,125.45,55.04
560,2025-06-30,CUST-071,Leeds,Consumer,Office,Desk Organiser,3,63.03,0.0,189.08,127.94,61.14
167,2025-06-30,CUST-043,Sheffield,Small Business,Electronics,Webcam,3,121.7,0.0,365.1,194.46,170.63
316,2025-06-30,CUST-170,Birmingham,Consumer,Accessories,Backpack,4,42.87,0.15,145.76,76.91,68.85
409,2025-06-30,CUST-088,London,Small Business,Accessories,USB Hub,3,48.47,0.1,130.88,71.1,59.78
215,2025-06-30,CUST-160,Leeds,Consumer,Office,Desk Organiser,2,57.47,0.15,97.7,61.79,35.91
339,2025-06-30,CUST-116,Bristol,Consumer,Accessories,Wallet,5,50.51,0.0,252.55,174.94,77.61
104,2025-07-01,CUST-142,Manchester,Consumer,Accessories,Phone Stand,3,53.18,0.15,135.62,95.99,39.63
435,2025-07-03,CUST-076,Sheffield,Consumer,Home,Storage Box,1,83.65,0.0,83.65,43.52,40.12
960,2025-07-03,CUST-024,Manchester,Consumer,Electronics,Webcam,2,89.61,0.0,179.22,102.54,76.67
867,2025-07-03,CUST-023,Manchester,Consumer,Electronics,Monitor,5,102.96,0.0,514.8,332.57,182.23
749,2025-07-03,CUST-121,Leeds,Consumer,Accessories,Wallet,1,38.74,0.05,36.81,24.24,12.56
917,2025-07-03,CUST-172,London,Consumer,Home,Air Purifier,1,71.93,0.0,71.93,36.2,35.74
985,2025-07-04,CUST-058,Birmingham,Small Business,Accessories,USB Hub,1,40.58,0.1,36.53,19.4,17.13
770,2025-07-04,CUST-121,Manchester,Consumer,Fitness,Resistance Bands,1,61.14,0.1,55.02,30.08,24.94
856,2025-07-05,CUST-031,Birmingham,Consumer,Electronics,Keyboard,3,127.47,0.0,382.4,209.25,173.15
762,2025-07-05,CUST-070,London,Corporate,Fitness,Yoga Mat,3,60.3,0.0,180.91,114.62,66.3
505,2025-07-05,CUST-161,Leeds,Consumer,Electronics,Webcam,4,122.84,0.1,442.24,258.4,183.83
941,2025-07-05,CUST-098,Leeds,Corporate,Fitness,Resistance Bands,2,51.58,0.0,103.16,57.99,45.17
824,2025-07-05,CUST-089,Manchester,Consumer,Office,Printer,2,48.02,0.0,96.05,67.03,29.01
33,2025-07-05,CUST-063,Sheffield,Consumer,Accessories,Wallet,4,32.36,0.05,122.97,70.36,52.61
654,2025-07-05,CUST-062,Birmingham,Consumer,Fitness,Yoga Mat,2,51.29,0.05,97.46,66.34,31.12
221,2025-07-05,CUST-144,London,Corporate,Accessories,Phone Stand,3,53.12,0.0,159.35,85.31,74.03
126,2025-07-06,CUST-037,Bristol,Consumer,Fitness,Fitness Tracker,1,52.03,0.0,52.03,27.44,24.59
518,2025-07-06,CUST-033,Birmingham,Corporate,Electronics,Monitor,4,121.11,0.05,460.2,272.62,187.58
3,2025-07-07,CUST-015,Sheffield,Consumer,Accessories,Wallet,5,31.03,0.05,147.38,78.21,69.17
552,2025-07-07,CUST-070,Sheffield,Consumer,Accessories,Phone Stand,4,46.36,0.0,185.45,123.3,62.15
944,2025-07-07,CUST-191,London,Consumer,Fitness,Water Bottle,5,52.35,0.1,235.58,139.0,96.58
651,2025-07-07,CUST-189,Manchester,Consumer,Home,Air Purifier,2,76.91,0.1,138.43,95.36,43.08
902,2025-07-07,CUST-008,Sheffield,Consumer,Electronics,Monitor,3,123.39,0.05,351.67,211.63,140.04
971,2025-07-08,CUST-004,Birmingham,Consumer,Office,Notebook,4,61.75,0.0,247.02,154.28,92.73
531,2025-07-08,CUST-095,London,Small Business,Fitness,Fitness Tracker,2,55.61,0.0,111.21,73.61,37.6
342,2025-07-09,CUST-101,London,Consumer,Fitness,Resistance Bands,5,47.58,0.0,237.92,134.82,103.11
806,2025-07-09,CUST-094,Bristol,Consumer,Home,Air Purifier,4,94.02,0.1,338.47,232.64,105.83
7,2025-07-09,CUST-040,Bristol,Consumer,Fitness,Water Bottle,5,62.31,0.0,311.55,169.21,142.34
267,2025-07-09,CUST-136,Birmingham,Small Business,Accessories,Backpack,5,65.12,0.05,309.34,212.8,96.54
949,2025-07-10,CUST-123,Birmingham,Consumer,Office,Notebook,5,76.3,0.0,381.51,270.57,110.94
54,2025-07-10,CUST-113,London,Small Business,Accessories,Wallet,1,36.88,0.05,35.04,19.35,15.69
463,2025-07-10,CUST-111,Sheffield,Consumer,Fitness,Fitness Tracker,2,55.57,0.05,105.59,70.25,35.34
29,2025-07-10,CUST-160,London,Consumer,Office,Printer,5,70.54,0.15,299.78,206.15,93.63
729,2025-07-10,CUST-068,Birmingham,Consumer,Electronics,Monitor,1,92.12,0.0,92.12,46.43,45.7
690,2025-07-11,CUST-147,Birmingham,Consumer,Home,Desk Lamp,2,73.51,0.15,124.97,80.81,44.16
883,2025-07-11,CUST-064,Sheffield,Consumer,Office,Printer,1,73.02,0.0,73.02,48.5,24.52
452,2025-07-13,CUST-031,Birmingham,Consumer,Electronics,Monitor,5,101.49,0.0,507.47,311.6,195.87
478,2025-07-13,CUST-029,Leeds,Corporate,Accessories,USB Hub,3,42.54,0.05,121.24,82.11,39.13
338,2025-07-14,CUST-111,Birmingham,Small Business,Home,Desk Lamp,2,74.84,0.1,134.71,82.38,52.33
260,2025-07-15,CUST-068,Leeds,Small Business,Electronics,Wireless Headphones,1,159.7,0.0,159.7,105.96,53.74
188,2025-07-15,CUST-013,London,Small Business,Fitness,Fitness Tracker,1,66.92,0.0,66.92,38.69,28.23
554,2025-07-15,CUST-067,Manchester,Small Business,Office,Printer,3,59.76,0.0,179.27,110.73,68.54
195,2025-07-15,CUST-055,Sheffield,Small Business,Home,Storage Box,1,50.21,0.0,50.21,30.05,20.17
790,2025-07-15,CUST-190,Sheffield,Corporate,Home,Storage Box,2,68.28,0.0,136.56,83.64,52.92
402,2025-07-16,CUST-191,Birmingham,Consumer,Accessories,Backpack,3,43.63,0.1,117.8,67.76,50.04
604,2025-07-16,CUST-110,Manchester,Corporate,Fitness,Water Bottle,4,59.33,0.0,237.31,161.97,75.35
515,2025-07-16,CUST-025,Leeds,Consumer,Electronics,Keyboard,2,131.43,0.0,262.85,159.79,103.07
875,2025-07-16,CUST-038,Manchester,Consumer,Office,Notebook,5,70.92,0.1,319.13,168.35,150.78
61,2025-07-16,CUST-095,Bristol,Small Business,Electronics,Wireless Headphones,1,85.56,0.0,85.56,59.06,26.5
77,2025-07-17,CUST-070,Leeds,Small Business,Home,Coffee Maker,3,75.37,0.0,226.12,118.12,108.0
680,2025-07-17,CUST-043,Leeds,Corporate,Office,Desk Organiser,2,59.61,0.05,113.26,78.03,35.23
695,2025-07-17,CUST-044,Leeds,Consumer,Home,Desk Lamp,1,62.01,0.0,62.01,42.52,19.49
813,2025-07-18,CUST-015,Leeds,Consumer,Office,Printer,3,85.36,0.1,230.47,158.36,72.12
568,2025-07-18,CUST-013,London,Corporate,Fitness,Water Bottle,2,56.06,0.0,112.12,58.77,53.35
384,2025-07-18,CUST-157,Birmingham,Small Business,Office,Notebook,3,76.66,0.0,229.99,129.44,100.55
846,2025-07-18,CUST-100,Manchester,Corporate,Accessories,Backpack,2,52.77,0.1,94.98,66.42,28.57
174,2025-07-18,CUST-143,Bristol,Consumer,Office,Notebook,1,54.08,0.0,54.08,34.54,19.54
805,2025-07-19,CUST-136,Birmingham,Consumer,Electronics,Keyboard,2,122.97,0.0,245.93,159.79,86.14
955,2025-07-19,CUST-157,Birmingham,Corporate,Office,Office Chair,1,56.73,0.0,56.73,32.74,23.99
774,2025-07-20,CUST-128,Bristol,Consumer,Accessories,USB Hub,2,48.37,0.1,87.06,44.86,42.2
855,2025-07-20,CUST-145,Sheffield,Consumer,Electronics,Wireless Headphones,5,121.69,0.0,608.44,347.15,261.29
427,2025-07-20,CUST-180,Manchester,Corporate,Accessories,Backpack,2,40.15,0.05,76.28,48.46,27.82
622,2025-07-20,CUST-081,Bristol,Small Business,Office,Office Chair,3,57.67,0.0,173.02,99.72,73.29
629,2025-07-20,CUST-200,Birmingham,Small Business,Home,Desk Lamp,2,64.78,0.0,129.56,76.02,53.54
262,2025-07-20,CUST-189,London,Corporate,Accessories,Backpack,4,45.93,0.0,183.72,111.6,72.12
892,2025-07-20,CUST-180,Manchester,Corporate,Electronics,Webcam,1,123.32,0.05,117.15,63.74,53.42
291,2025-07-22,CUST-192,London,Consumer,Fitness,Yoga Mat,2,87.22,0.05,165.72,98.95,66.77
441,2025-07-22,CUST-061,Bristol,Consumer,Fitness,Yoga Mat,3,68.79,0.1,185.72,96.24,89.48
178,2025-07-22,CUST-051,Leeds,Small Business,Fitness,Water Bottle,5,49.72,0.1,223.75,123.86,99.89
79,2025-07-22,CUST-136,Manchester,Consumer,Office,Printer,1,86.0,0.1,77.4,50.94,26.47
696,2025-07-23,CUST-194,Sheffield,Small Business,Office,Desk Organiser,2,68.81,0.1,123.85,84.42,39.43
885,2025-07-23,CUST-006,London,Small Business,Fitness,Resistance Bands,1,42.02,0.1,37.82,23.97,13.85
630,2025-07-23,CUST-194,Birmingham,Consumer,Fitness,Resistance Bands,4,52.65,0.1,189.53,108.23,81.3
810,2025-07-24,CUST-058,London,Small Business,Home,Desk Lamp,5,80.71,0.0,403.55,269.0,134.55
558,2025-07-26,CUST-110,Sheffield,Corporate,Electronics,Keyboard,2,117.6,0.0,235.21,133.03,102.18
165,2025-07-26,CUST-134,Leeds,Corporate,Accessories,USB Hub,5,57.11,0.05,271.26,162.27,108.99
663,2025-07-26,CUST-144,London,Consumer,Office,Notebook,4,57.12,0.1,205.64,114.28,91.36
400,2025-07-26,CUST-186,Birmingham,Small Business,Office,Notebook,1,64.21,0.1,57.78,29.39,28.4
898,2025-07-27,CUST-164,London,Consumer,Office,Notebook,1,77.84,0.0,77.84,53.39,24.45
421,2025-07-27,CUST-150,Bristol,Corporate,Electronics,Keyboard,4,125.02,0.0,500.1,294.78,205.32
661,2025-07-28,CUST-129,Bristol,Consumer,Electronics,Webcam,2,133.77,0.0,267.55,171.47,96.08
408,2025-07-28,CUST-128,Leeds,Small Business,Home,Air Purifier,4,70.78,0.0,283.12,167.93,115.19
107,2025-07-28,CUST-114,Birmingham,Corporate,Accessories,Backpack,1,44.7,0.1,40.23,27.19,13.03
405,2025-07-28,CUST-093,Sheffield,Consumer,Electronics,Monitor,4,91.14,0.0,364.57,228.78,135.79
96,2025-07-29,CUST-162,Birmingham,Consumer,Fitness,Resistance Bands,2,70.14,0.1,126.26,72.75,53.51
895,2025-07-29,CUST-120,Leeds,Corporate,Office,Office Chair,5,78.85,0.05,374.55,260.02,114.53
537,2025-07-29,CUST-080,Leeds,Consumer,Accessories,Backpack,3,46.25,0.0,138.75,94.18,44.58
92,2025-07-29,CUST-111,Leeds,Corporate,Fitness,Fitness Tracker,3,73.58,0.0,220.74,138.84,81.9
625,2025-07-30,CUST-012,Manchester,Consumer,Office,Printer,4,58.94,0.0,235.78,122.59,113.19
224,2025-07-30,CUST-101,Manchester,Consumer,Accessories,Backpack,3,66.26,0.1,178.91,107.97,70.94
99,2025-07-30,CUST-062,Sheffield,Consumer,Office,Notebook,5,58.23,0.0,291.17,171.04,120.13
250,2025-07-30,CUST-060,Leeds,Small Business,Home,Coffee Maker,1,64.57,0.1,58.12,35.97,22.14
156,2025-07-30,CUST-150,Bristol,Small Business,Fitness,Yoga Mat,3,50.21,0.0,150.63,76.01,74.62
253,2025-07-31,CUST-125,Manchester,Consumer,Fitness,Fitness Tracker,1,53.98,0.15,45.88,29.34,16.54
777,2025-08-01,CUST-148,Bristol,Small Business,Fitness,Fitness Tracker,2,59.31,0.0,118.62,80.4,38.21
643,2025-08-02,CUST-084,London,Consumer,Office,Notebook,3,59.11,0.05,168.47,95.42,73.05
265,2025-08-02,CUST-153,Manchester,Consumer,Home,Air Purifier,2,79.77,0.0,159.54,94.05,65.48
344,2025-08-02,CUST-017,Leeds,Small Business,Home,Storage Box,1,64.86,0.0,64.86,41.4,23.46
889,2025-08-02,CUST-050,Leeds,Consumer,Office,Desk Organiser,5,67.34,0.0,336.68,219.49,117.18
796,2025-08-03,CUST-034,Birmingham,Corporate,Home,Coffee Maker,2,65.31,0.1,117.55,77.13,40.42
1,2025-08-03,CUST-075,Birmingham,Small Business,Home,Air Purifier,5,82.34,0.05,391.12,233.92,157.2
117,2025-08-03,CUST-118,Sheffield,Small Business,Fitness,Water Bottle,4,65.54,0.05,249.05,168.72,80.33
43,2025-08-03,CUST-081,Manchester,Consumer,Electronics,Webcam,5,108.23,0.0,541.14,344.17,196.96
494,2025-08-03,CUST-173,Manchester,Corporate,Accessories,Phone Stand,2,43.74,0.0,87.48,61.73,25.75
257,2025-08-03,CUST-150,London,Consumer,Home,Storage Box,3,67.77,0.05,193.15,135.59,57.56
10,2025-08-04,CUST-037,Birmingham,Corporate,Fitness,Water Bottle,1,63.79,0.0,63.79,36.26,27.53
60,2025-08-05,CUST-086,Birmingham,Small Business,Office,Notebook,1,86.43,0.0,86.43,57.47,28.96
496,2025-08-05,CUST-179,Sheffield,Consumer,Home,Storage Box,5,68.33,0.1,307.47,184.31,123.15
832,2025-08-06,CUST-161,Sheffield,Consumer,Electronics,Webcam,4,120.81,0.1,434.93,273.34,161.59
319,2025-08-06,CUST-004,Manchester,Small Business,Office,Office Chair,5,56.31,0.0,281.53,187.06,94.47
652,2025-08-06,CUST-189,Bristol,Corporate,Fitness,Water Bottle,1,48.42,0.0,48.42,33.95,14.48
768,2025-08-06,CUST-077,Birmingham,Consumer,Fitness,Water Bottle,1,53.08,0.0,53.08,27.11,25.97
708,2025-08-06,CUST-189,Bristol,Consumer,Electronics,Wireless Headphones,2,122.97,0.1,221.35,115.85,105.5
619,2025-08-07,CUST-021,Leeds,Small Business,Office,Printer,5,65.76,0.1,295.9,199.07,96.84
158,2025-08-08,CUST-108,Sheffield,Small Business,Accessories,USB Hub,5,36.72,0.1,165.22,105.46,59.76
443,2025-08-08,CUST-122,Sheffield,Consumer,Accessories,Phone Stand,3,37.29,0.0,111.87,69.91,41.96
628,2025-08-08,CUST-018,Birmingham,Consumer,Electronics,Wireless Headphones,2,108.19,0.1,194.74,100.78,93.96
213,2025-08-08,CUST-081,London,Small Business,Office,Office Chair,3,78.87,0.0,236.62,119.4,117.22
491,2025-08-08,CUST-065,Birmingham,Small Business,Office,Office Chair,2,88.06,0.0,176.12,99.98,76.13
995,2025-08-09,CUST-172,Bristol,Consumer,Accessories,Wallet,3,31.19,0.1,84.22,56.98,27.24
928,2025-08-09,CUST-024,Leeds,Small Business,Office,Printer,3,80.22,0.0,240.65,166.86,73.8
750,2025-08-09,CUST-182,Sheffield,Corporate,Fitness,Fitness Tracker,5,63.81,0.0,319.03,226.5,92.53
208,2025-08-09,CUST-180,Bristol,Consumer,Office,Notebook,4,56.08,0.05,213.11,144.56,68.55
736,2025-08-09,CUST-009,London,Small Business,Office,Notebook,1,69.85,0.05,66.36,42.97,23.39
961,2025-08-10,CUST-018,Manchester,Corporate,Accessories,Backpack,3,48.55,0.1,131.09,88.55,42.54
324,2025-08-11,CUST-003,Sheffield,Small Business,Electronics,Monitor,2,119.66,0.05,227.36,122.7,104.66
586,2025-08-11,CUST-115,London,Corporate,Electronics,Monitor,2,160.83,0.0,321.67,216.87,104.79
137,2025-08-11,CUST-098,Leeds,Consumer,Home,Desk Lamp,2,86.04,0.15,146.27,93.46,52.8
814,2025-08-11,CUST-190,London,Consumer,Electronics,Monitor,1,104.64,0.05,99.41,59.24,40.17
276,2025-08-11,CUST-153,London,Consumer,Home,Desk Lamp,5,76.58,0.0,382.89,238.5,144.39
49,2025-08-11,CUST-122,Bristol,Corporate,Electronics,Wireless Headphones,5,133.48,0.0,667.4,406.3,261.11
138,2025-08-12,CUST-063,Leeds,Corporate,Accessories,Wallet,3,32.94,0.1,88.93,55.05,33.87
18,2025-08-12,CUST-129,Birmingham,Corporate,Accessories,Backpack,2,44.4,0.0,88.79,45.04,43.75
521,2025-08-13,CUST-149,London,Consumer,Home,Storage Box,3,84.93,0.1,229.31,132.3,97.01
525,2025-08-13,CUST-152,Birmingham,Corporate,Home,Desk Lamp,5,65.84,0.0,329.18,206.15,123.03
873,2025-08-13,CUST-069,Birmingham,Small Business,Fitness,Resistance Bands,2,55.26,0.0,110.53,72.68,37.84
80,2025-08-13,CUST-020,London,Corporate,Electronics,Wireless Headphones,2,118.39,0.0,236.78,140.55,96.23
826,2025-08-13,CUST-113,Manchester,Corporate,Fitness,Resistance Bands,1,49.01,0.0,49.01,34.44,14.57
318,2025-08-13,CUST-200,Bristol,Consumer,Office,Printer,3,55.37,0.0,166.1,115.89,50.21
725,2025-08-14,CUST-007,Leeds,Small Business,Electronics,Keyboard,2,111.54,0.0,223.07,118.97,104.1
106,2025-08-14,CUST-053,Leeds,Consumer,Office,Desk Organiser,5,85.65,0.0,428.23,266.13,162.11
647,2025-08-14,CUST-053,Manchester,Corporate,Accessories,Phone Stand,5,41.71,0.0,208.55,147.54,61.01
890,2025-08-14,CUST-046,Birmingham,Small Business,Office,Office Chair,3,77.8,0.0,233.41,147.68,85.73
642,2025-08-14,CUST-178,London,Corporate,Home,Storage Box,1,82.41,0.0,82.41,53.03,29.38
689,2025-08-14,CUST-051,Manchester,Consumer,Fitness,Water Bottle,5,52.52,0.0,262.61,180.59,82.02
323,2025-08-14,CUST-015,Bristol,Small Business,Electronics,Webcam,5,86.07,0.0,430.33,254.52,175.82
910,2025-08-15,CUST-028,Sheffield,Small Business,Electronics,Wireless Headphones,4,134.76,0.05,512.09,361.26,150.83
958,2025-08-15,CUST-025,Manchester,Small Business,Office,Office Chair,2,81.07,0.0,162.14,113.09,49.04
244,2025-08-15,CUST-006,Leeds,Consumer,Fitness,Resistance Bands,3,59.55,0.1,160.78,99.45,61.34
45,2025-08-15,CUST-177,Birmingham,Consumer,Accessories,Wallet,5,45.41,0.0,227.06,141.93,85.13
431,2025-08-15,CUST-115,Birmingham,Consumer,Office,Notebook,2,78.13,0.0,156.25,81.14,75.12
758,2025-08-16,CUST-185,Bristol,Small Business,Fitness,Water Bottle,3,34.18,0.0,102.54,66.13,36.42
212,2025-08-16,CUST-139,Leeds,Corporate,Electronics,Keyboard,5,122.95,0.05,584.01,341.8,242.21
934,2025-08-16,CUST-163,Leeds,Corporate,Electronics,Keyboard,1,126.17,0.05,119.86,82.16,37.7
310,2025-08-17,CUST-141,Leeds,Small Business,Home,Air Purifier,4,68.92,0.1,248.12,134.21,113.91
684,2025-08-17,CUST-097,Manchester,Consumer,Electronics,Monitor,5,147.79,0.0,738.94,486.2,252.74
115,2025-08-17,CUST-108,Leeds,Small Business,Accessories,Wallet,1,51.22,0.0,51.22,26.47,24.75
315,2025-08-18,CUST-065,Leeds,Consumer,Fitness,Fitness Tracker,4,54.81,0.15,186.35,114.45,71.9
358,2025-08-18,CUST-020,Birmingham,Consumer,Office,Printer,3,65.43,0.05,186.48,100.3,86.18
911,2025-08-19,CUST-115,Leeds,Consumer,Home,Desk Lamp,1,84.78,0.0,84.78,42.78,42.0
12,2025-08-19,CUST-052,Bristol,Corporate,Electronics,Webcam,4,118.25,0.0,472.99,239.77,233.23
887,2025-08-19,CUST-016,Sheffield,Small Business,Home,Coffee Maker,3,79.14,0.1,213.69,121.9,91.79
193,2025-08-19,CUST-032,London,Corporate,Accessories,USB Hub,1,45.61,0.05,43.33,22.51,20.81
263,2025-08-20,CUST-021,Birmingham,Consumer,Electronics,Wireless Headphones,1,95.8,0.0,95.8,51.37,44.43
866,2025-08-20,CUST-069,Leeds,Consumer,Home,Desk Lamp,1,100.19,0.0,100.19,65.83,34.35
23,2025-08-21,CUST-099,Birmingham,Corporate,Fitness,Resistance Bands,4,55.62,0.1,200.24,108.43,91.81
963,2025-08-21,CUST-071,Leeds,Consumer,Office,Desk Organiser,4,75.46,0.05,286.76,173.67,113.09
47,2025-08-21,CUST-147,Leeds,Consumer,Fitness,Fitness Tracker,1,61.75,0.0,61.75,31.02,30.73
741,2025-08-21,CUST-098,Bristol,Consumer,Home,Storage Box,3,80.61,0.0,241.82,144.72,97.1
852,2025-08-22,CUST-131,London,Corporate,Fitness,Resistance Bands,1,56.09,0.0,56.09,30.03,26.06
723,2025-08-22,CUST-163,Leeds,Small Business,Electronics,Monitor,1,122.61,0.0,122.61,85.42,37.19
388,2025-08-23,CUST-130,Sheffield,Small Business,Accessories,Backpack,2,39.42,0.0,78.84,55.54,23.3
504,2025-08-23,CUST-190,Bristol,Consumer,Office,Printer,5,71.22,0.0,356.11,195.81,160.29
912,2025-08-23,CUST-107,Manchester,Consumer,Home,Storage Box,5,81.05,0.05,385.01,245.39,139.62
64,2025-08-24,CUST-133,Sheffield,Small Business,Accessories,Backpack,3,42.91,0.0,128.73,87.49,41.25
579,2025-08-24,CUST-026,Bristol,Consumer,Fitness,Fitness Tracker,4,55.42,0.05,210.59,136.83,73.76
748,2025-08-24,CUST-171,Leeds,Consumer,Office,Desk Organiser,2,55.14,0.1,99.25,55.51,43.74
124,2025-08-24,CUST-121,Manchester,Consumer,Fitness,Resistance Bands,5,65.55,0.0,327.74,205.75,122.0
711,2025-08-25,CUST-026,London,Consumer,Accessories,Wallet,1,45.94,0.1,41.34,25.98,15.36
459,2025-08-25,CUST-112,London,Corporate,Electronics,Webcam,5,104.56,0.05,496.64,293.9,202.74
771,2025-08-25,CUST-037,Sheffield,Corporate,Office,Desk Organiser,4,62.95,0.1,226.62,151.4,75.21
311,2025-08-25,CUST-162,London,Consumer,Home,Storage Box,3,86.31,0.1,233.03,155.17,77.86
602,2025-08-25,CUST-168,Bristol,Consumer,Accessories,USB Hub,5,42.68,0.0,213.42,122.03,91.4
838,2025-08-26,CUST-120,Manchester,Consumer,Accessories,Wallet,3,54.14,0.0,162.42,115.58,46.84
779,2025-08-26,CUST-065,London,Corporate,Home,Storage Box,4,56.97,0.05,216.47,133.36,83.11
292,2025-08-27,CUST-004,Bristol,Consumer,Office,Office Chair,3,50.44,0.0,151.32,103.21,48.11
73,2025-08-27,CUST-018,Manchester,Consumer,Home,Storage Box,2,86.49,0.1,155.69,95.37,60.32
449,2025-08-27,CUST-163,London,Corporate,Office,Printer,1,56.57,0.05,53.74,36.02,17.73
957,2025-08-27,CUST-012,Bristol,Corporate,Fitness,Water Bottle,2,47.19,0.0,94.38,61.49,32.89
451,2025-08-27,CUST-068,Birmingham,Consumer,Electronics,Monitor,4,157.47,0.05,598.4,308.43,289.97
71,2025-08-27,CUST-056,Sheffield,Consumer,Home,Air Purifier,2,73.62,0.1,132.52,84.57,47.95
462,2025-08-27,CUST-048,Manchester,Corporate,Electronics,Wireless Headphones,2,112.27,0.1,202.08,135.79,66.29
196,2025-08-27,CUST-049,Manchester,Corporate,Fitness,Yoga Mat,4,60.03,0.1,216.1,117.97,98.14
720,2025-08-29,CUST-081,Birmingham,Consumer,Electronics,Webcam,2,102.16,0.0,204.31,122.83,81.48
382,2025-08-29,CUST-062,London,Small Business,Accessories,Phone Stand,2,44.94,0.05,85.38,50.57,34.82
150,2025-08-30,CUST-097,Manchester,Corporate,Fitness,Yoga Mat,4,59.64,0.05,226.65,141.23,85.42
878,2025-08-30,CUST-152,London,Corporate,Office,Office Chair,2,74.9,0.0,149.79,95.09,54.71
693,2025-08-31,CUST-002,Manchester,Corporate,Electronics,Keyboard,2,115.6,0.0,231.19,151.32,79.87
13,2025-08-31,CUST-086,Leeds,Small Business,Electronics,Wireless Headphones,5,89.36,0.1,402.11,254.03,148.08
945,2025-09-02,CUST-050,Sheffield,Consumer,Office,Desk Organiser,1,50.18,0.0,50.18,33.28,16.89
472,2025-09-02,CUST-159,Birmingham,Consumer,Home,Storage Box,1,78.02,0.05,74.12,47.58,26.54
31,2025-09-03,CUST-176,Bristol,Consumer,Home,Coffee Maker,3,61.16,0.1,165.12,87.52,77.6
254,2025-09-04,CUST-087,Birmingham,Corporate,Electronics,Wireless Headphones,1,146.46,0.05,139.14,99.93,39.21
573,2025-09-04,CUST-019,Manchester,Small Business,Fitness,Yoga Mat,3,53.57,0.0,160.71,88.01,72.7
972,2025-09-04,CUST-117,London,Corporate,Office,Office Chair,3,50.31,0.0,150.92,79.61,71.31
328,2025-09-04,CUST-008,Bristol,Small Business,Accessories,Wallet,3,40.36,0.05,115.03,82.25,32.78
364,2025-09-05,CUST-092,London,Corporate,Office,Notebook,3,64.84,0.05,184.79,92.76,92.03
237,2025-09-05,CUST-148,Bristol,Consumer,Home,Air Purifier,2,51.2,0.1,92.16,46.52,45.64
938,2025-09-06,CUST-083,London,Corporate,Office,Office Chair,3,65.58,0.0,196.73,129.14,67.59
847,2025-09-06,CUST-001,Birmingham,Consumer,Electronics,Webcam,3,179.67,0.0,539.01,307.74,231.27
845,2025-09-06,CUST-131,Sheffield,Small Business,Electronics,Webcam,5,103.14,0.1,464.15,269.64,194.51
843,2025-09-06,CUST-079,Sheffield,Consumer,Office,Printer,3,85.02,0.1,229.55,160.85,68.71
974,2025-09-06,CUST-192,London,Consumer,Home,Air Purifier,5,81.25,0.0,406.26,250.31,155.96
113,2025-09-07,CUST-036,Leeds,Consumer,Fitness,Fitness Tracker,2,60.15,0.0,120.29,72.95,47.34
271,2025-09-07,CUST-197,London,Corporate,Accessories,Phone Stand,5,32.19,0.1,144.87,102.87,41.99
423,2025-09-07,CUST-084,Sheffield,Corporate,Fitness,Yoga Mat,5,60.15,0.0,300.74,164.81,135.93
609,2025-09-08,CUST-091,Birmingham,Corporate,Office,Desk Organiser,4,62.16,0.0,248.64,143.73,104.91
229,2025-09-08,CUST-047,Birmingham,Corporate,Home,Coffee Maker,1,63.62,0.0,63.62,40.18,23.44
508,2025-09-08,CUST-039,Manchester,Consumer,Accessories,Backpack,2,45.98,0.0,91.96,62.92,29.04
65,2025-09-09,CUST-038,Manchester,Corporate,Accessories,Wallet,5,57.06,0.0,285.31,151.21,134.09
739,2025-09-10,CUST-030,Leeds,Consumer,Home,Desk Lamp,5,85.91,0.0,429.54,232.72,196.82
589,2025-09-10,CUST-014,Sheffield,Corporate,Electronics,Webcam,4,131.95,0.0,527.79,273.76,254.03
954,2025-09-10,CUST-189,Manchester,Consumer,Office,Office Chair,4,55.85,0.0,223.41,123.55,99.86
909,2025-09-10,CUST-021,London,Consumer,Office,Notebook,4,64.81,0.0,259.22,182.32,76.9
50,2025-09-10,CUST-007,Sheffield,Corporate,Home,Coffee Maker,2,83.48,0.15,141.92,92.44,49.48
959,2025-09-11,CUST-096,Bristol,Corporate,Accessories,Backpack,4,43.15,0.1,155.35,97.85,57.5
11,2025-09-12,CUST-142,Birmingham,Corporate,Office,Office Chair,1,68.82,0.1,61.94,40.81,21.14
983,2025-09-12,CUST-062,Birmingham,Consumer,Office,Notebook,1,33.35,0.0,33.35,19.13,14.23
608,2025-09-12,CUST-173,Manchester,Corporate,Electronics,Webcam,2,125.25,0.1,225.45,132.26,93.2
422,2025-09-13,CUST-187,Leeds,Corporate,Fitness,Resistance Bands,1,52.82,0.1,47.54,26.42,21.13
335,2025-09-13,CUST-139,Birmingham,Consumer,Home,Air Purifier,1,80.96,0.0,80.96,48.16,32.8
207,2025-09-13,CUST-183,Bristol,Consumer,Office,Printer,2,48.76,0.05,92.65,56.5,36.15
973,2025-09-13,CUST-081,Leeds,Small Business,Accessories,Phone Stand,2,53.44,0.0,106.89,73.49,33.4
981,2025-09-13,CUST-107,London,Consumer,Office,Notebook,3,52.24,0.0,156.73,105.1,51.63
840,2025-09-14,CUST-189,Birmingham,Corporate,Home,Desk Lamp,3,68.96,0.0,206.88,137.91,68.97
296,2025-09-14,CUST-164,Birmingham,Corporate,Electronics,Monitor,5,131.08,0.1,589.87,399.95,189.93
599,2025-09-15,CUST-127,Bristol,Consumer,Electronics,Webcam,4,125.17,0.05,475.66,327.89,147.76
273,2025-09-15,CUST-191,Bristol,Corporate,Accessories,Wallet,4,43.34,0.0,173.35,115.27,58.08
397,2025-09-15,CUST-008,Birmingham,Small Business,Accessories,Backpack,1,50.43,0.15,42.87,29.22,13.65
360,2025-09-15,CUST-157,Leeds,Small Business,Accessories,Wallet,1,37.91,0.05,36.01,19.98,16.03
731,2025-09-15,CUST-093,London,Small Business,Office,Printer,4,76.5,0.0,305.99,215.49,90.5
128,2025-09-16,CUST-120,Sheffield,Small Business,Electronics,Webcam,1,121.17,0.0,121.17,65.56,55.62
1000,2025-09-16,CUST-156,Birmingham,Corporate,Office,Printer,1,62.9,0.1,56.61,35.0,21.61
653,2025-09-16,CUST-180,Bristol,Consumer,Home,Storage Box,2,64.72,0.05,122.97,62.56,60.41
997,2025-09-17,CUST-197,Bristol,Consumer,Electronics,Wireless Headphones,1,137.53,0.0,137.53,85.17,52.37
719,2025-09-17,CUST-078,London,Consumer,Office,Office Chair,5,59.43,0.0,297.17,172.92,124.24
264,2025-09-17,CUST-150,Leeds,Consumer,Accessories,Wallet,4,44.11,0.05,167.62,88.66,78.95
844,2025-09-17,CUST-113,Sheffield,Consumer,Home,Storage Box,4,82.07,0.15,279.05,192.28,86.77
551,2025-09-17,CUST-125,Manchester,Consumer,Accessories,Phone Stand,5,47.61,0.0,238.03,125.25,112.78
90,2025-09-18,CUST-157,Leeds,Corporate,Office,Desk Organiser,4,59.41,0.0,237.65,160.51,77.14
9,2025-09-18,CUST-041,Leeds,Small Business,Fitness,Fitness Tracker,1,60.76,0.05,57.72,38.66,19.07
894,2025-09-19,CUST-089,Birmingham,Corporate,Accessories,Wallet,5,50.9,0.0,254.5,144.98,109.52
990,2025-09-19,CUST-157,London,Corporate,Fitness,Water Bottle,2,61.94,0.05,117.68,76.73,40.95
940,2025-09-20,CUST-049,London,Consumer,Home,Storage Box,5,91.68,0.15,389.63,196.09,193.54
180,2025-09-20,CUST-095,Leeds,Consumer,Home,Desk Lamp,5,106.69,0.0,533.43,281.02,252.41
181,2025-09-20,CUST-054,London,Consumer,Electronics,Wireless Headphones,1,85.59,0.15,72.75,44.12,28.64
704,2025-09-20,CUST-004,Manchester,Consumer,Home,Storage Box,2,66.08,0.1,118.94,62.79,56.15
931,2025-09-21,CUST-029,London,Corporate,Fitness,Yoga Mat,4,34.96,0.1,125.85,71.17,54.68
410,2025-09-21,CUST-095,Bristol,Consumer,Electronics,Monitor,1,112.63,0.05,107.0,76.41,30.59
881,2025-09-21,CUST-165,Bristol,Corporate,Office,Office Chair,4,68.01,0.0,272.03,175.63,96.4
507,2025-09-22,CUST-186,Bristol,Small Business,Fitness,Yoga Mat,1,53.9,0.0,53.9,27.12,26.78
550,2025-09-22,CUST-107,Leeds,Corporate,Electronics,Webcam,1,123.13,0.0,123.13,67.52,55.62
942,2025-09-22,CUST-114,Leeds,Small Business,Office,Printer,1,67.02,0.0,67.02,35.6,31.42
626,2025-09-22,CUST-015,Leeds,Consumer,Office,Notebook,1,61.51,0.1,55.36,28.03,27.33
617,2025-09-22,CUST-145,Bristol,Consumer,Fitness,Water Bottle,1,45.38,0.0,45.38,23.08,22.29
390,2025-09-22,CUST-127,Leeds,Consumer,Accessories,Wallet,4,40.31,0.05,153.18,82.31,70.86
198,2025-09-23,CUST-025,Manchester,Consumer,Accessories,Wallet,2,47.61,0.15,80.93,50.67,30.26
261,2025-09-24,CUST-064,Sheffield,Small Business,Home,Storage Box,1,91.72,0.0,91.72,54.52,37.2
870,2025-09-24,CUST-029,Leeds,Small Business,Fitness,Fitness Tracker,1,67.16,0.0,67.16,43.58,23.58
406,2025-09-25,CUST-040,Sheffield,Corporate,Accessories,Wallet,1,41.85,0.05,39.76,26.0,13.76
275,2025-09-25,CUST-163,Birmingham,Consumer,Electronics,Wireless Headphones,2,147.69,0.15,251.08,170.83,80.24
246,2025-09-25,CUST-130,Birmingham,Consumer,Accessories,Phone Stand,2,42.87,0.0,85.74,56.0,29.74
490,2025-09-25,CUST-183,Sheffield,Consumer,Fitness,Water Bottle,4,61.97,0.05,235.49,160.87,74.62
425,2025-09-26,CUST-167,Bristol,Consumer,Electronics,Wireless Headphones,2,123.07,0.1,221.52,149.06,72.47
433,2025-09-26,CUST-052,Manchester,Corporate,Office,Notebook,3,39.33,0.1,106.18,61.03,45.15
172,2025-09-26,CUST-073,Bristol,Corporate,Office,Notebook,1,72.82,0.1,65.54,47.09,18.45
219,2025-09-26,CUST-002,Bristol,Corporate,Electronics,Monitor,3,144.3,0.0,432.89,267.83,165.06
906,2025-09-26,CUST-119,Birmingham,Corporate,Accessories,Backpack,2,43.17,0.0,86.33,54.82,31.51
743,2025-09-27,CUST-091,London,Consumer,Electronics,Wireless Headphones,1,130.61,0.0,130.61,92.18,38.42
163,2025-09-27,CUST-080,Manchester,Consumer,Accessories,USB Hub,4,44.62,0.0,178.48,92.13,86.35
803,2025-09-27,CUST-038,Leeds,Consumer,Accessories,USB Hub,4,45.54,0.1,163.95,82.15,81.8
986,2025-09-27,CUST-187,Bristol,Consumer,Home,Storage Box,5,99.53,0.1,447.87,250.58,197.29
791,2025-09-28,CUST-132,Leeds,Corporate,Home,Coffee Maker,2,60.75,0.0,121.51,75.52,45.99
343,2025-09-29,CUST-059,Manchester,Corporate,Electronics,Keyboard,3,135.24,0.05,385.42,205.4,180.03
891,2025-09-29,CUST-041,Manchester,Consumer,Electronics,Wireless Headphones,2,108.06,0.0,216.11,129.45,86.66
784,2025-09-29,CUST-129,Birmingham,Consumer,Electronics,Keyboard,3,102.32,0.05,291.61,161.43,130.17
430,2025-09-30,CUST-160,Manchester,Corporate,Office,Notebook,3,41.05,0.1,110.84,58.48,52.36
287,2025-09-30,CUST-099,Leeds,Consumer,Electronics,Webcam,5,164.8,0.0,824.0,484.84,339.17
804,2025-10-01,CUST-020,Sheffield,Consumer,Fitness,Water Bottle,3,47.13,0.0,141.38,98.7,42.67
52,2025-10-02,CUST-189,Leeds,Corporate,Office,Office Chair,5,67.71,0.1,304.72,177.58,127.14
863,2025-10-02,CUST-081,Birmingham,Consumer,Accessories,Phone Stand,5,47.84,0.05,227.25,150.56,76.68
534,2025-10-03,CUST-183,London,Consumer,Home,Desk Lamp,5,85.61,0.1,385.24,251.24,134.0
182,2025-10-04,CUST-137,Manchester,Consumer,Accessories,Wallet,3,48.57,0.0,145.7,93.3,52.4
242,2025-10-04,CUST-020,Manchester,Consumer,Office,Desk Organiser,3,88.52,0.1,239.0,130.09,108.91
834,2025-10-04,CUST-064,Leeds,Consumer,Accessories,Backpack,1,30.59,0.0,30.59,21.66,8.93
414,2025-10-05,CUST-130,Birmingham,Corporate,Office,Printer,2,60.88,0.0,121.77,84.05,37.72
108,2025-10-05,CUST-004,Manchester,Corporate,Fitness,Yoga Mat,5,65.92,0.0,329.61,180.62,149.0
220,2025-10-05,CUST-171,Bristol,Corporate,Office,Printer,3,55.65,0.0,166.94,96.05,70.9
416,2025-10-05,CUST-141,London,Corporate,Home,Storage Box,2,75.24,0.0,150.49,87.29,63.2
688,2025-10-05,CUST-051,Manchester,Small Business,Office,Notebook,2,60.43,0.05,114.81,73.36,41.45
533,2025-10-06,CUST-103,Bristol,Small Business,Home,Coffee Maker,4,85.69,0.0,342.76,202.35,140.41
580,2025-10-06,CUST-081,Sheffield,Consumer,Electronics,Webcam,2,131.86,0.15,224.17,124.04,100.13
46,2025-10-06,CUST-099,London,Consumer,Home,Desk Lamp,5,81.68,0.0,408.39,265.27,143.11
716,2025-10-06,CUST-059,Manchester,Corporate,Electronics,Monitor,4,127.35,0.0,509.42,359.29,150.12
978,2025-10-07,CUST-019,Birmingham,Corporate,Accessories,Backpack,3,30.97,0.15,78.96,52.8,26.16
926,2025-10-07,CUST-151,Manchester,Corporate,Fitness,Yoga Mat,5,59.93,0.15,254.69,177.15,77.54
953,2025-10-08,CUST-175,London,Consumer,Accessories,Backpack,1,37.11,0.05,35.25,17.94,17.31
308,2025-10-08,CUST-094,London,Consumer,Electronics,Keyboard,4,122.4,0.0,489.58,317.61,171.97
650,2025-10-08,CUST-043,Sheffield,Corporate,Accessories,Phone Stand,3,49.14,0.05,140.05,77.89,62.17
904,2025-10-08,CUST-116,Leeds,Consumer,Electronics,Webcam,2,104.49,0.1,188.08,134.99,53.09
694,2025-10-08,CUST-048,London,Consumer,Fitness,Water Bottle,5,61.41,0.0,307.03,206.88,100.15
166,2025-10-09,CUST-029,London,Consumer,Home,Coffee Maker,2,77.4,0.0,154.8,85.27,69.53
520,2025-10-09,CUST-085,London,Consumer,Office,Desk Organiser,4,89.31,0.05,339.37,212.38,127.0
539,2025-10-11,CUST-131,Birmingham,Small Business,Office,Desk Organiser,1,66.79,0.0,66.79,36.97,29.82
284,2025-10-12,CUST-077,Birmingham,Small Business,Fitness,Fitness Tracker,4,50.61,0.15,172.07,106.68,65.39
376,2025-10-12,CUST-165,Bristol,Corporate,Office,Printer,3,55.04,0.0,165.12,83.04,82.08
712,2025-10-12,CUST-106,London,Corporate,Electronics,Monitor,2,121.25,0.0,242.5,131.33,111.17
484,2025-10-12,CUST-070,London,Consumer,Office,Desk Organiser,3,61.17,0.1,165.16,115.24,49.92
251,2025-10-13,CUST-021,Leeds,Small Business,Office,Desk Organiser,4,52.02,0.1,187.26,129.88,57.38
495,2025-10-13,CUST-092,London,Consumer,Home,Coffee Maker,1,72.55,0.05,68.92,36.92,32.01
778,2025-10-13,CUST-126,London,Corporate,Electronics,Monitor,4,156.12,0.05,593.24,316.46,276.79
426,2025-10-13,CUST-103,Bristol,Corporate,Accessories,Backpack,2,49.66,0.1,89.38,54.78,34.6
764,2025-10-14,CUST-145,Sheffield,Corporate,Accessories,Backpack,4,38.22,0.0,152.87,77.3,75.56
398,2025-10-14,CUST-091,Bristol,Small Business,Electronics,Wireless Headphones,3,113.69,0.15,289.9,165.78,124.12
403,2025-10-15,CUST-139,Bristol,Corporate,Office,Office Chair,4,63.58,0.1,228.91,139.83,89.07
833,2025-10-15,CUST-086,Manchester,Small Business,Electronics,Wireless Headphones,2,113.08,0.05,214.85,115.09,99.76
101,2025-10-15,CUST-010,Manchester,Small Business,Fitness,Water Bottle,3,51.61,0.1,139.34,98.67,40.67
745,2025-10-16,CUST-081,Manchester,Consumer,Office,Desk Organiser,3,61.89,0.05,176.4,116.42,59.98
594,2025-10-16,CUST-002,Manchester,Consumer,Fitness,Yoga Mat,5,48.96,0.05,232.57,144.3,88.27
377,2025-10-16,CUST-158,London,Consumer,Home,Air Purifier,5,88.17,0.05,418.82,224.28,194.54
239,2025-10-16,CUST-081,Bristol,Consumer,Fitness,Fitness Tracker,1,48.99,0.0,48.99,31.86,17.12
303,2025-10-17,CUST-082,Manchester,Corporate,Home,Desk Lamp,4,80.3,0.0,321.19,195.69,125.5
411,2025-10-17,CUST-020,Manchester,Consumer,Home,Coffee Maker,5,72.22,0.0,361.1,197.3,163.81
357,2025-10-18,CUST-002,Leeds,Corporate,Fitness,Water Bottle,3,47.11,0.05,134.26,82.39,51.86
407,2025-10-19,CUST-182,Manchester,Corporate,Fitness,Fitness Tracker,2,44.08,0.05,83.75,46.98,36.77
464,2025-10-19,CUST-008,Bristol,Consumer,Fitness,Fitness Tracker,3,47.91,0.1,129.37,71.07,58.3
499,2025-10-19,CUST-178,Leeds,Consumer,Accessories,Phone Stand,2,38.77,0.0,77.54,43.11,34.43
868,2025-10-20,CUST-029,London,Consumer,Electronics,Wireless Headphones,3,114.36,0.0,343.07,239.22,103.85
125,2025-10-20,CUST-153,London,Small Business,Fitness,Resistance Bands,5,36.57,0.1,164.58,108.2,56.38
2,2025-10-21,CUST-130,Leeds,Consumer,Electronics,Monitor,3,106.71,0.0,320.12,228.37,91.75
968,2025-10-21,CUST-019,Birmingham,Corporate,Home,Coffee Maker,5,89.56,0.0,447.79,243.71,204.08
553,2025-10-22,CUST-189,Manchester,Small Business,Accessories,Wallet,1,55.15,0.0,55.15,32.96,22.18
300,2025-10-22,CUST-065,London,Corporate,Office,Notebook,3,65.97,0.0,197.9,124.34,73.55
916,2025-10-23,CUST-165,Manchester,Corporate,Electronics,Keyboard,2,103.83,0.05,197.27,132.93,64.34
474,2025-10-23,CUST-050,Birmingham,Small Business,Home,Storage Box,4,107.8,0.0,431.18,227.54,203.64
412,2025-10-23,CUST-072,Leeds,Consumer,Electronics,Monitor,5,103.87,0.05,493.4,353.65,139.75
245,2025-10-24,CUST-164,Bristol,Corporate,Home,Storage Box,3,56.68,0.0,170.03,88.53,81.5
951,2025-10-24,CUST-081,Sheffield,Consumer,Office,Office Chair,3,73.6,0.0,220.79,134.26,86.52
967,2025-10-24,CUST-045,Manchester,Consumer,Fitness,Fitness Tracker,4,58.68,0.05,222.98,112.88,110.1
532,2025-10-25,CUST-141,Leeds,Corporate,Home,Air Purifier,1,76.01,0.0,76.01,38.02,37.99
294,2025-10-25,CUST-064,Sheffield,Corporate,Electronics,Monitor,5,102.84,0.0,514.2,355.75,158.45
22,2025-10-25,CUST-099,Leeds,Consumer,Home,Air Purifier,1,89.8,0.0,89.8,55.6,34.2
456,2025-10-26,CUST-145,Leeds,Consumer,Office,Notebook,3,61.89,0.05,176.39,120.34,56.04
189,2025-10-27,CUST-125,Manchester,Consumer,Office,Desk Organiser,3,49.26,0.05,140.39,91.2,49.19
523,2025-10-28,CUST-077,London,Consumer,Home,Desk Lamp,1,67.64,0.0,67.64,41.46,26.18
662,2025-10-28,CUST-154,Bristol,Consumer,Electronics,Keyboard,3,129.72,0.05,369.7,199.15,170.54
858,2025-10-29,CUST-113,Birmingham,Consumer,Fitness,Fitness Tracker,3,43.53,0.1,117.54,73.17,44.38
248,2025-10-29,CUST-119,London,Consumer,Office,Office Chair,3,66.05,0.1,178.33,120.69,57.64
439,2025-10-29,CUST-025,Bristol,Corporate,Accessories,Wallet,1,47.82,0.1,43.04,22.82,20.22
399,2025-10-31,CUST-035,Sheffield,Consumer,Fitness,Water Bottle,5,56.7,0.1,255.17,175.26,79.91
933,2025-10-31,CUST-020,Bristol,Consumer,Electronics,Keyboard,2,106.69,0.1,192.04,120.03,72.0
658,2025-11-01,CUST-171,Leeds,Corporate,Home,Storage Box,3,79.0,0.0,237.01,119.89,117.12
116,2025-11-01,CUST-189,London,Small Business,Accessories,Phone Stand,3,57.97,0.0,173.91,117.85,56.06
512,2025-11-02,CUST-012,London,Consumer,Fitness,Water Bottle,2,55.68,0.1,100.23,68.68,31.54
16,2025-11-03,CUST-172,Birmingham,Consumer,Electronics,Monitor,3,114.48,0.0,343.43,188.49,154.93
4,2025-11-03,CUST-135,Bristol,Consumer,Electronics,Webcam,4,107.85,0.05,409.85,209.11,200.74
915,2025-11-03,CUST-182,Manchester,Consumer,Home,Air Purifier,5,74.18,0.1,333.79,212.02,121.77
819,2025-11-03,CUST-064,Leeds,Consumer,Office,Printer,2,65.22,0.1,117.4,64.94,52.47
888,2025-11-04,CUST-029,Leeds,Corporate,Home,Air Purifier,1,58.3,0.1,52.47,31.69,20.78
782,2025-11-04,CUST-091,London,Consumer,Home,Coffee Maker,1,60.43,0.05,57.4,38.12,19.29
145,2025-11-05,CUST-008,Birmingham,Small Business,Fitness,Fitness Tracker,4,60.0,0.0,240.02,165.88,74.14
701,2025-11-05,CUST-159,Bristol,Consumer,Accessories,Wallet,2,33.94,0.1,61.1,41.54,19.56
285,2025-11-05,CUST-123,Birmingham,Consumer,Electronics,Webcam,4,119.6,0.05,454.5,244.08,210.42
127,2025-11-06,CUST-117,Birmingham,Corporate,Fitness,Water Bottle,3,54.04,0.0,162.12,110.94,51.18
519,2025-11-06,CUST-150,Leeds,Corporate,Office,Printer,1,58.56,0.05,55.63,35.39,20.24
900,2025-11-06,CUST-074,Bristol,Consumer,Electronics,Webcam,5,132.11,0.0,660.56,364.73,295.83
969,2025-11-07,CUST-089,Birmingham,Consumer,Office,Office Chair,2,65.96,0.0,131.93,74.63,57.3
32,2025-11-09,CUST-036,Bristol,Consumer,Office,Printer,1,51.16,0.05,48.6,25.17,23.43
95,2025-11-09,CUST-117,Manchester,Consumer,Office,Office Chair,3,45.2,0.0,135.59,77.8,57.8
815,2025-11-09,CUST-087,Bristol,Consumer,Electronics,Wireless Headphones,2,158.97,0.0,317.95,181.75,136.19
692,2025-11-10,CUST-174,Bristol,Consumer,Fitness,Water Bottle,3,54.8,0.05,156.18,112.31,43.87
809,2025-11-10,CUST-019,Birmingham,Consumer,Accessories,Backpack,5,50.59,0.05,240.28,147.18,93.1
44,2025-11-10,CUST-114,Bristol,Small Business,Accessories,USB Hub,2,34.73,0.0,69.47,42.32,27.15
802,2025-11-11,CUST-041,Manchester,Consumer,Electronics,Webcam,5,126.73,0.0,633.64,362.63,271.01
216,2025-11-11,CUST-078,Leeds,Consumer,Home,Coffee Maker,2,87.53,0.0,175.05,101.86,73.19
646,2025-11-11,CUST-069,Leeds,Small Business,Electronics,Wireless Headphones,4,80.94,0.05,307.57,198.91,108.66
540,2025-11-11,CUST-072,Birmingham,Small Business,Fitness,Fitness Tracker,5,51.01,0.05,242.29,133.7,108.59
146,2025-11-12,CUST-122,Birmingham,Consumer,Electronics,Keyboard,5,119.38,0.0,596.88,302.71,294.17
161,2025-11-12,CUST-125,Sheffield,Corporate,Accessories,Backpack,4,47.62,0.0,190.49,105.61,84.88
27,2025-11-13,CUST-048,Birmingham,Corporate,Office,Printer,3,42.34,0.05,120.68,78.1,42.58
450,2025-11-13,CUST-125,London,Small Business,Fitness,Water Bottle,2,47.45,0.1,85.42,58.02,27.4
907,2025-11-14,CUST-182,Bristol,Small Business,Office,Notebook,2,55.45,0.0,110.9,72.99,37.91
576,2025-11-14,CUST-129,London,Consumer,Accessories,Wallet,4,53.64,0.1,193.11,132.46,60.65
366,2025-11-14,CUST-058,London,Corporate,Electronics,Webcam,2,95.62,0.0,191.25,114.93,76.32
389,2025-11-14,CUST-039,Manchester,Corporate,Electronics,Keyboard,4,122.25,0.0,488.98,303.45,185.54
153,2025-11-14,CUST-111,Birmingham,Consumer,Accessories,Phone Stand,1,50.66,0.05,48.12,32.55,15.57
356,2025-11-14,CUST-169,Bristol,Consumer,Fitness,Fitness Tracker,1,68.22,0.0,68.22,42.33,25.89
516,2025-11-15,CUST-076,Bristol,Consumer,Electronics,Wireless Headphones,2,121.23,0.05,230.34,139.24,91.09
355,2025-11-15,CUST-105,London,Consumer,Accessories,Wallet,3,48.83,0.15,124.53,71.17,53.35
147,2025-11-15,CUST-117,Manchester,Corporate,Fitness,Resistance Bands,1,40.88,0.05,38.84,21.35,17.49
148,2025-11-16,CUST-082,Sheffield,Small Business,Office,Desk Organiser,1,72.09,0.0,72.09,37.2,34.9
914,2025-11-16,CUST-145,Sheffield,Small Business,Electronics,Webcam,1,91.9,0.0,91.9,64.27,27.64
259,2025-11-16,CUST-161,Leeds,Consumer,Fitness,Resistance Bands,3,58.64,0.0,175.91,97.32,78.59
794,2025-11-16,CUST-031,London,Corporate,Electronics,Webcam,2,114.06,0.0,228.13,140.93,87.19
788,2025-11-16,CUST-041,Leeds,Consumer,Electronics,Wireless Headphones,3,108.06,0.0,324.19,182.59,141.6
84,2025-11-16,CUST-093,Birmingham,Corporate,Home,Coffee Maker,1,72.26,0.05,68.65,43.0,25.65
674,2025-11-16,CUST-102,Bristol,Corporate,Office,Desk Organiser,3,53.7,0.0,161.09,101.67,59.42
597,2025-11-17,CUST-140,Manchester,Consumer,Office,Printer,2,51.53,0.1,92.76,52.13,40.63
859,2025-11-18,CUST-145,Sheffield,Consumer,Office,Notebook,1,69.43,0.0,69.43,42.97,26.46
471,2025-11-18,CUST-187,Leeds,Consumer,Home,Coffee Maker,3,89.21,0.0,267.64,161.36,106.28
42,2025-11-19,CUST-065,London,Corporate,Electronics,Keyboard,5,153.36,0.05,728.46,515.11,213.35
839,2025-11-19,CUST-111,Manchester,Consumer,Home,Desk Lamp,4,93.7,0.1,337.33,185.6,151.74
734,2025-11-19,CUST-190,Sheffield,Corporate,Home,Coffee Maker,5,56.24,0.15,239.04,156.24,82.79
808,2025-11-20,CUST-139,Bristol,Corporate,Office,Printer,3,82.82,0.0,248.47,155.17,93.3
948,2025-11-20,CUST-009,Bristol,Corporate,Fitness,Water Bottle,5,51.94,0.1,233.72,123.73,109.99
272,2025-11-20,CUST-161,Leeds,Consumer,Accessories,Phone Stand,1,52.25,0.05,49.64,32.32,17.32
549,2025-11-21,CUST-069,Leeds,Consumer,Electronics,Keyboard,4,76.4,0.05,290.32,208.76,81.56
293,2025-11-21,CUST-013,Sheffield,Consumer,Electronics,Keyboard,4,97.9,0.0,391.59,217.86,173.74
19,2025-11-21,CUST-116,Manchester,Corporate,Fitness,Resistance Bands,4,52.88,0.0,211.51,143.13,68.38
395,2025-11-22,CUST-084,Manchester,Corporate,Accessories,USB Hub,2,53.46,0.1,96.23,64.22,32.01
707,2025-11-22,CUST-120,Bristol,Corporate,Office,Notebook,2,72.95,0.05,138.61,97.29,41.32
336,2025-11-23,CUST-154,Bristol,Consumer,Accessories,USB Hub,3,37.99,0.0,113.98,67.78,46.21
258,2025-11-23,CUST-063,London,Consumer,Office,Office Chair,3,63.94,0.1,172.64,87.0,85.64
924,2025-11-23,CUST-140,Sheffield,Consumer,Fitness,Resistance Bands,5,65.37,0.0,326.86,192.98,133.88
556,2025-11-24,CUST-065,Sheffield,Consumer,Home,Air Purifier,3,75.24,0.0,225.71,157.75,67.96
825,2025-11-24,CUST-023,Leeds,Small Business,Accessories,Backpack,3,33.72,0.1,91.04,55.97,35.07
352,2025-11-24,CUST-124,London,Corporate,Office,Desk Organiser,3,53.16,0.05,151.5,84.0,67.5
351,2025-11-24,CUST-007,Sheffield,Corporate,Home,Storage Box,3,59.92,0.1,161.78,104.83,56.95
529,2025-11-25,CUST-015,Leeds,Corporate,Electronics,Wireless Headphones,2,136.15,0.05,258.69,130.17,128.51
82,2025-11-25,CUST-017,London,Corporate,Electronics,Monitor,2,120.23,0.0,240.47,127.58,112.89
999,2025-11-25,CUST-100,London,Small Business,Home,Storage Box,4,68.17,0.0,272.67,182.43,90.24
527,2025-11-25,CUST-129,Manchester,Consumer,Accessories,Wallet,2,54.53,0.05,103.61,58.55,45.06
468,2025-11-25,CUST-147,Sheffield,Consumer,Electronics,Keyboard,5,90.94,0.0,454.68,261.08,193.6
130,2025-11-25,CUST-068,Sheffield,Small Business,Office,Office Chair,5,70.49,0.0,352.47,217.88,134.6
897,2025-11-26,CUST-121,Birmingham,Small Business,Accessories,Phone Stand,2,38.23,0.0,76.46,52.32,24.14
687,2025-11-26,CUST-017,Sheffield,Consumer,Office,Desk Organiser,2,85.46,0.05,162.37,98.77,63.6
829,2025-11-26,CUST-054,Leeds,Consumer,Office,Office Chair,2,49.97,0.15,84.95,48.48,36.46
800,2025-11-27,CUST-158,London,Small Business,Office,Printer,5,49.79,0.05,236.52,123.84,112.68
341,2025-11-28,CUST-038,Birmingham,Corporate,Home,Storage Box,5,61.1,0.0,305.48,201.76,103.72
418,2025-11-28,CUST-172,Sheffield,Small Business,Electronics,Keyboard,2,137.41,0.0,274.81,177.07,97.74
702,2025-11-28,CUST-109,Manchester,Small Business,Office,Desk Organiser,2,73.21,0.05,139.09,94.49,44.61
922,2025-11-29,CUST-127,Leeds,Consumer,Fitness,Yoga Mat,1,68.56,0.0,68.56,38.34,30.22
83,2025-11-30,CUST-117,Birmingham,Small Business,Accessories,USB Hub,3,49.67,0.1,134.12,95.53,38.59
353,2025-11-30,CUST-069,Sheffield,Consumer,Home,Desk Lamp,5,91.87,0.0,459.36,303.73,155.63
637,2025-11-30,CUST-141,Birmingham,Corporate,Home,Air Purifier,3,75.6,0.1,204.12,140.6,63.51
812,2025-11-30,CUST-059,Bristol,Consumer,Fitness,Water Bottle,3,58.82,0.0,176.45,122.68,53.77
799,2025-11-30,CUST-196,Manchester,Consumer,Accessories,Phone Stand,2,42.12,0.0,84.25,53.23,31.02
555,2025-11-30,CUST-009,Birmingham,Consumer,Home,Coffee Maker,2,78.05,0.1,140.49,73.25,67.23
932,2025-12-02,CUST-179,Leeds,Consumer,Home,Coffee Maker,2,72.34,0.05,137.46,97.79,39.66
476,2025-12-02,CUST-162,Manchester,Corporate,Accessories,USB Hub,4,44.55,0.05,169.29,88.87,80.42
481,2025-12-03,CUST-087,Sheffield,Consumer,Electronics,Webcam,3,102.67,0.0,308.02,156.89,151.13
497,2025-12-03,CUST-169,Manchester,Consumer,Accessories,Phone Stand,4,37.13,0.0,148.54,98.14,50.4
417,2025-12-03,CUST-032,London,Small Business,Office,Desk Organiser,1,60.15,0.05,57.15,39.14,18.01
721,2025-12-03,CUST-135,Sheffield,Small Business,Fitness,Fitness Tracker,3,56.83,0.0,170.48,112.36,58.12
98,2025-12-03,CUST-084,London,Consumer,Accessories,Wallet,4,42.79,0.0,171.16,104.98,66.18
424,2025-12-03,CUST-182,Leeds,Consumer,Office,Office Chair,2,53.56,0.0,107.12,62.43,44.69
252,2025-12-04,CUST-058,Birmingham,Corporate,Accessories,USB Hub,3,38.2,0.0,114.59,66.07,48.52
349,2025-12-05,CUST-134,London,Corporate,Office,Printer,2,77.58,0.0,155.16,96.66,58.5
598,2025-12-05,CUST-029,Birmingham,Small Business,Electronics,Keyboard,5,58.68,0.0,293.38,150.81,142.57
535,2025-12-06,CUST-192,Bristol,Consumer,Accessories,Phone Stand,4,45.18,0.0,180.72,107.36,73.36
168,2025-12-06,CUST-151,Sheffield,Consumer,Office,Printer,3,41.62,0.0,124.86,80.75,44.11
67,2025-12-06,CUST-069,Manchester,Corporate,Office,Desk Organiser,5,62.72,0.1,282.25,188.87,93.38
363,2025-12-07,CUST-127,London,Consumer,Office,Office Chair,1,84.89,0.0,84.89,59.06,25.82
655,2025-12-07,CUST-192,Leeds,Corporate,Office,Desk Organiser,1,49.12,0.0,49.12,34.41,14.72
415,2025-12-09,CUST-145,London,Consumer,Electronics,Keyboard,2,94.82,0.05,180.16,100.93,79.23
564,2025-12-09,CUST-157,Manchester,Consumer,Fitness,Yoga Mat,5,65.5,0.0,327.48,208.96,118.52
590,2025-12-09,CUST-135,London,Consumer,Fitness,Water Bottle,2,49.57,0.0,99.15,69.06,30.09
722,2025-12-10,CUST-120,Sheffield,Corporate,Home,Storage Box,3,88.29,0.0,264.87,147.4,117.47
97,2025-12-10,CUST-161,London,Corporate,Electronics,Keyboard,3,114.69,0.0,344.08,203.75,140.33
489,2025-12-12,CUST-115,Manchester,Consumer,Fitness,Yoga Mat,5,48.71,0.0,243.56,151.3,92.25
956,2025-12-12,CUST-110,London,Consumer,Fitness,Resistance Bands,2,58.6,0.0,117.19,69.07,48.12
714,2025-12-14,CUST-099,Birmingham,Small Business,Electronics,Keyboard,2,132.06,0.05,250.91,136.61,114.3
192,2025-12-14,CUST-115,Sheffield,Small Business,Office,Printer,3,54.23,0.1,146.42,80.77,65.65
473,2025-12-14,CUST-065,Leeds,Corporate,Fitness,Resistance Bands,4,60.5,0.0,242.0,146.07,95.93
735,2025-12-14,CUST-040,Manchester,Corporate,Electronics,Monitor,3,97.04,0.05,276.55,168.93,107.62
20,2025-12-15,CUST-003,Leeds,Consumer,Office,Printer,1,56.94,0.0,56.94,34.83,22.1
231,2025-12-16,CUST-118,Bristol,Corporate,Home,Storage Box,1,79.81,0.0,79.81,52.2,27.61
613,2025-12-17,CUST-044,Manchester,Small Business,Accessories,Backpack,1,38.8,0.05,36.86,21.81,15.05
325,2025-12-17,CUST-156,Leeds,Small Business,Electronics,Monitor,3,101.88,0.15,259.8,160.04,99.77
570,2025-12-18,CUST-121,Leeds,Consumer,Home,Desk Lamp,1,72.96,0.0,72.96,50.1,22.85
157,2025-12-19,CUST-135,Leeds,Consumer,Fitness,Yoga Mat,4,61.07,0.0,244.3,123.8,120.5
89,2025-12-19,CUST-118,Sheffield,Corporate,Accessories,Phone Stand,1,45.58,0.1,41.02,28.42,12.6
190,2025-12-20,CUST-030,Leeds,Consumer,Electronics,Monitor,4,137.8,0.05,523.64,326.07,197.56
792,2025-12-20,CUST-061,Manchester,Consumer,Accessories,Backpack,2,47.08,0.1,84.75,58.23,26.52
434,2025-12-21,CUST-104,Birmingham,Small Business,Home,Coffee Maker,4,76.25,0.15,259.26,147.42,111.84
753,2025-12-21,CUST-084,Manchester,Small Business,Home,Storage Box,4,57.77,0.05,219.52,155.58,63.94
255,2025-12-21,CUST-077,Manchester,Corporate,Electronics,Webcam,5,131.1,0.1,589.95,394.4,195.55
297,2025-12-21,CUST-072,Birmingham,Corporate,Home,Desk Lamp,2,72.8,0.0,145.6,74.91,70.68
72,2025-12-21,CUST-180,Sheffield,Consumer,Electronics,Monitor,2,120.91,0.1,217.64,112.87,104.77
575,2025-12-21,CUST-200,Leeds,Corporate,Home,Coffee Maker,4,67.69,0.0,270.78,185.93,84.84
467,2025-12-22,CUST-030,Bristol,Consumer,Fitness,Water Bottle,1,47.02,0.0,47.02,30.54,16.48
547,2025-12-23,CUST-089,Sheffield,Consumer,Fitness,Yoga Mat,5,48.36,0.0,241.78,146.1,95.68
921,2025-12-24,CUST-137,Leeds,Consumer,Office,Printer,3,61.89,0.0,185.68,127.51,58.17
298,2025-12-24,CUST-016,Manchester,Consumer,Office,Office Chair,2,56.28,0.0,112.57,58.78,53.78
225,2025-12-25,CUST-149,Manchester,Corporate,Accessories,USB Hub,2,46.82,0.0,93.64,55.32,38.32
706,2025-12-25,CUST-184,Bristol,Small Business,Office,Desk Organiser,5,74.32,0.0,371.61,255.15,116.46
727,2025-12-26,CUST-067,Bristol,Consumer,Electronics,Webcam,4,110.9,0.1,399.23,256.19,143.03
30,2025-12-26,CUST-174,Manchester,Corporate,Home,Coffee Maker,2,74.02,0.1,133.23,87.02,46.21
6,2025-12-26,CUST-132,Manchester,Consumer,Office,Desk Organiser,3,78.1,0.1,210.86,117.44,93.43
278,2025-12-26,CUST-075,Manchester,Consumer,Fitness,Water Bottle,4,53.34,0.1,192.01,114.21,77.8
831,2025-12-28,CUST-125,Leeds,Consumer,Accessories,Backpack,5,52.28,0.1,235.26,121.04,114.22
821,2025-12-30,CUST-140,Sheffield,Consumer,Electronics,Monitor,3,93.38,0.05,266.13,167.42,98.71
726,2025-12-30,CUST-112,London,Corporate,Electronics,Monitor,5,98.02,0.0,490.08,351.34,138.74
487,2025-12-30,CUST-109,Leeds,Corporate,Office,Printer,5,53.46,0.05,253.94,164.21,89.73
121,2025-12-30,CUST-039,London,Corporate,Fitness,Water Bottle,5,57.2,0.0,286.0,188.6,97.4
177,2025-12-30,CUST-123,Birmingham,Consumer,Accessories,Phone Stand,4,25.43,0.05,96.62,64.19,32.43
936,2025-12-30,CUST-191,Bristol,Consumer,Office,Desk Organiser,5,72.8,0.1,327.61,223.03,104.59
59,2025-12-31,CUST-005,London,Corporate,Home,Coffee Maker,5,57.18,0.1,257.3,177.67,79.62
419,2025-12-31,CUST-081,London,Consumer,Electronics,Keyboard,2,128.07,0.0,256.13,157.02,99.11
334,2025-12-31,CUST-148,Leeds,Consumer,Fitness,Resistance Bands,1,48.34,0.0,48.34,26.21,22.13
51,2025-12-31,CUST-065,Sheffield,Small Business,Home,Storage Box,3,68.64,0.0,205.92,147.66,58.26
